manufacturer,model,year_start,year_end,engine_name,fuel_type,displacement_cc,cylinders,horsepower_stock,torque_stock,weight_kg,gearbox,stage,horsepower_tuned,torque_tuned,est_0_60_sec
VW,VW Model 103,2020,2025,3.7L,Hybrid,3000,8,392,924,2446,Auto,0,392,924,15.6
VW,VW Model 103,2020,2025,3.7L,Hybrid,3000,8,392,924,2446,Auto,1,412,959,14.84
VW,VW Model 103,2020,2025,3.7L,Hybrid,3000,8,392,924,2446,Auto,2,432,994,14.16
VW,VW Model 103,2020,2025,3.7L,Hybrid,3000,8,392,924,2446,Auto,3,452,1029,13.53
Toyota,Toyota Model 76,2011,2014,4.1L,Hybrid,3000,4,101,192,1035,Auto,0,101,192,25.62
Toyota,Toyota Model 76,2011,2014,4.1L,Hybrid,3000,4,101,192,1035,Auto,1,121,227,21.38
Toyota,Toyota Model 76,2011,2014,4.1L,Hybrid,3000,4,101,192,1035,Auto,2,141,262,18.35
Toyota,Toyota Model 76,2011,2014,4.1L,Hybrid,3000,4,101,192,1035,Auto,3,161,297,16.07
Ford,Ford Model 109,2019,2020,2.5L,Petrol,1800,6,448,866,1882,DSG,0,448,866,10.5
Ford,Ford Model 109,2019,2020,2.5L,Petrol,1800,6,448,866,1882,DSG,1,468,901,10.05
Ford,Ford Model 109,2019,2020,2.5L,Petrol,1800,6,448,866,1882,DSG,2,488,936,9.64
Ford,Ford Model 109,2019,2020,2.5L,Petrol,1800,6,448,866,1882,DSG,3,508,971,9.26
Mercedes,Mercedes Model 30,2012,2013,1.6L,Electric,1600,3,270,496,1657,Auto,0,270,496,15.34
Mercedes,Mercedes Model 30,2012,2013,1.6L,Electric,1600,3,270,496,1657,Auto,1,290,531,14.28
Mercedes,Mercedes Model 30,2012,2013,1.6L,Electric,1600,3,270,496,1657,Auto,2,310,566,13.36
Mercedes,Mercedes Model 30,2012,2013,1.6L,Electric,1600,3,270,496,1657,Auto,3,330,601,12.55
Peugeot,Peugeot Model 88,2019,2023,3.7L,Electric,1400,3,106,208,1030,DSG,0,106,208,24.29
Peugeot,Peugeot Model 88,2019,2023,3.7L,Electric,1400,3,106,208,1030,DSG,1,126,243,20.44
Peugeot,Peugeot Model 88,2019,2023,3.7L,Electric,1400,3,106,208,1030,DSG,2,146,278,17.64
Peugeot,Peugeot Model 88,2019,2023,3.7L,Electric,1400,3,106,208,1030,DSG,3,166,313,15.51
Vauxhall,Vauxhall Model 129,2009,2010,2.4L,Petrol,1800,3,397,836,1425,DSG,0,397,836,8.97
Vauxhall,Vauxhall Model 129,2009,2010,2.4L,Petrol,1800,3,397,836,1425,DSG,1,417,871,8.54
Vauxhall,Vauxhall Model 129,2009,2010,2.4L,Petrol,1800,3,397,836,1425,DSG,2,437,906,8.15
Vauxhall,Vauxhall Model 129,2009,2010,2.4L,Petrol,1800,3,397,836,1425,DSG,3,457,941,7.8
Toyota,Toyota Model 7,2014,2015,4.0L,Hybrid,1400,6,193,446,1455,Manual,0,193,446,18.85
Toyota,Toyota Model 7,2014,2015,4.0L,Hybrid,1400,6,193,446,1455,Manual,1,213,481,17.08
Toyota,Toyota Model 7,2014,2015,4.0L,Hybrid,1400,6,193,446,1455,Manual,2,233,516,15.61
Toyota,Toyota Model 7,2014,2015,4.0L,Hybrid,1400,6,193,446,1455,Manual,3,253,551,14.38
BMW,BMW Model 56,2017,2017,3.8L,Electric,3500,8,240,553,1582,Manual,0,240,553,16.48
BMW,BMW Model 56,2017,2017,3.8L,Electric,3500,8,240,553,1582,Manual,1,260,588,15.21
BMW,BMW Model 56,2017,2017,3.8L,Electric,3500,8,240,553,1582,Manual,2,280,623,14.12
BMW,BMW Model 56,2017,2017,3.8L,Electric,3500,8,240,553,1582,Manual,3,300,658,13.18
Ford,Ford Model 51,2019,2021,4.9L,Diesel,2500,4,113,272,2299,Auto,0,113,272,50.86
Ford,Ford Model 51,2019,2021,4.9L,Diesel,2500,4,113,272,2299,Auto,1,133,307,43.21
Ford,Ford Model 51,2019,2021,4.9L,Diesel,2500,4,113,272,2299,Auto,2,153,342,37.57
Ford,Ford Model 51,2019,2021,4.9L,Diesel,2500,4,113,272,2299,Auto,3,173,377,33.22
BMW,BMW Model 154,2006,2011,1.7L,Electric,2500,8,241,544,1630,DSG,0,241,544,16.91
BMW,BMW Model 154,2006,2011,1.7L,Electric,2500,8,241,544,1630,DSG,1,261,579,15.61
BMW,BMW Model 154,2006,2011,1.7L,Electric,2500,8,241,544,1630,DSG,2,281,614,14.5
BMW,BMW Model 154,2006,2011,1.7L,Electric,2500,8,241,544,1630,DSG,3,301,649,13.54
Audi,Audi Model 150,2020,2024,2.1L,Diesel,2200,8,235,517,2311,Auto,0,235,517,24.59
Audi,Audi Model 150,2020,2024,2.1L,Diesel,2200,8,235,517,2311,Auto,1,255,552,22.66
Audi,Audi Model 150,2020,2024,2.1L,Diesel,2200,8,235,517,2311,Auto,2,275,587,21.01
Audi,Audi Model 150,2020,2024,2.1L,Diesel,2200,8,235,517,2311,Auto,3,295,622,19.58
Audi,Audi Model 55,2021,2026,2.7L,Hybrid,2500,6,181,406,1355,Auto,0,181,406,18.72
Audi,Audi Model 55,2021,2026,2.7L,Hybrid,2500,6,181,406,1355,Auto,1,201,441,16.85
Audi,Audi Model 55,2021,2026,2.7L,Hybrid,2500,6,181,406,1355,Auto,2,221,476,15.33
Audi,Audi Model 55,2021,2026,2.7L,Hybrid,2500,6,181,406,1355,Auto,3,241,511,14.06
Land Rover,Land Rover Model 173,2009,2010,4.5L,Petrol,3000,4,431,1041,1591,Auto,0,431,1041,9.23
Land Rover,Land Rover Model 173,2009,2010,4.5L,Petrol,3000,4,431,1041,1591,Auto,1,451,1076,8.82
Land Rover,Land Rover Model 173,2009,2010,4.5L,Petrol,3000,4,431,1041,1591,Auto,2,471,1111,8.44
Land Rover,Land Rover Model 173,2009,2010,4.5L,Petrol,3000,4,431,1041,1591,Auto,3,491,1146,8.1
Audi,Audi Model 141,2005,2008,3.2L,Petrol,3000,6,123,270,2016,Manual,0,123,270,40.98
Audi,Audi Model 141,2005,2008,3.2L,Petrol,3000,6,123,270,2016,Manual,1,143,305,35.24
Audi,Audi Model 141,2005,2008,3.2L,Petrol,3000,6,123,270,2016,Manual,2,163,340,30.92
Audi,Audi Model 141,2005,2008,3.2L,Petrol,3000,6,123,270,2016,Manual,3,183,375,27.54
Land Rover,Land Rover Model 81,2019,2024,2.7L,Electric,1400,6,248,517,1541,Manual,0,248,517,15.53
Land Rover,Land Rover Model 81,2019,2024,2.7L,Electric,1400,6,248,517,1541,Manual,1,268,552,14.38
Land Rover,Land Rover Model 81,2019,2024,2.7L,Electric,1400,6,248,517,1541,Manual,2,288,587,13.38
Land Rover,Land Rover Model 81,2019,2024,2.7L,Electric,1400,6,248,517,1541,Manual,3,308,622,12.51
Ford,Ford Model 159,2005,2010,3.1L,Hybrid,1200,4,118,221,1619,DSG,0,118,221,34.3
Ford,Ford Model 159,2005,2010,3.1L,Hybrid,1200,4,118,221,1619,DSG,1,138,256,29.33
Ford,Ford Model 159,2005,2010,3.1L,Hybrid,1200,4,118,221,1619,DSG,2,158,291,25.62
Ford,Ford Model 159,2005,2010,3.1L,Hybrid,1200,4,118,221,1619,DSG,3,178,326,22.74
Audi,Audi Model 155,2010,2014,2.6L,Diesel,2500,4,288,546,2135,DSG,0,288,546,18.53
Audi,Audi Model 155,2010,2014,2.6L,Diesel,2500,4,288,546,2135,DSG,1,308,581,17.33
Audi,Audi Model 155,2010,2014,2.6L,Diesel,2500,4,288,546,2135,DSG,2,328,616,16.27
Audi,Audi Model 155,2010,2014,2.6L,Diesel,2500,4,288,546,2135,DSG,3,348,651,15.34
Renault,Renault Model 4,2011,2011,4.0L,Petrol,1600,8,200,368,1210,DSG,0,200,368,15.12
Renault,Renault Model 4,2011,2011,4.0L,Petrol,1600,8,200,368,1210,DSG,1,220,403,13.75
Renault,Renault Model 4,2011,2011,4.0L,Petrol,1600,8,200,368,1210,DSG,2,240,438,12.6
Renault,Renault Model 4,2011,2011,4.0L,Petrol,1600,8,200,368,1210,DSG,3,260,473,11.63
BMW,BMW Model 174,2014,2018,2.4L,Petrol,2200,3,408,985,1783,DSG,0,408,985,10.93
BMW,BMW Model 174,2014,2018,2.4L,Petrol,2200,3,408,985,1783,DSG,1,428,1020,10.41
BMW,BMW Model 174,2014,2018,2.4L,Petrol,2200,3,408,985,1783,DSG,2,448,1055,9.95
BMW,BMW Model 174,2014,2018,2.4L,Petrol,2200,3,408,985,1783,DSG,3,468,1090,9.52
Land Rover,Land Rover Model 129,2015,2019,3.2L,Electric,2000,3,71,154,2281,Manual,0,71,154,80.32
Land Rover,Land Rover Model 129,2015,2019,3.2L,Electric,2000,3,71,154,2281,Manual,1,91,189,62.66
Land Rover,Land Rover Model 129,2015,2019,3.2L,Electric,2000,3,71,154,2281,Manual,2,111,224,51.37
Land Rover,Land Rover Model 129,2015,2019,3.2L,Electric,2000,3,71,154,2281,Manual,3,131,259,43.53
Toyota,Toyota Model 185,2009,2011,2.1L,Electric,1200,3,109,220,2302,Auto,0,109,220,52.8
Toyota,Toyota Model 185,2009,2011,2.1L,Electric,1200,3,109,220,2302,Auto,1,129,255,44.61
Toyota,Toyota Model 185,2009,2011,2.1L,Electric,1200,3,109,220,2302,Auto,2,149,290,38.62
Toyota,Toyota Model 185,2009,2011,2.1L,Electric,1200,3,109,220,2302,Auto,3,169,325,34.05
VW,VW Model 89,2017,2018,3.2L,Diesel,2200,8,363,686,1739,Manual,0,363,686,11.98
VW,VW Model 89,2017,2018,3.2L,Diesel,2200,8,363,686,1739,Manual,1,383,721,11.35
VW,VW Model 89,2017,2018,3.2L,Diesel,2200,8,363,686,1739,Manual,2,403,756,10.79
VW,VW Model 89,2017,2018,3.2L,Diesel,2200,8,363,686,1739,Manual,3,423,791,10.28
BMW,BMW Model 49,2010,2011,2.5L,Diesel,1600,4,259,527,1935,Manual,0,259,527,18.68
BMW,BMW Model 49,2010,2011,2.5L,Diesel,1600,4,259,527,1935,Manual,1,279,562,17.34
BMW,BMW Model 49,2010,2011,2.5L,Diesel,1600,4,259,527,1935,Manual,2,299,597,16.18
BMW,BMW Model 49,2010,2011,2.5L,Diesel,1600,4,259,527,1935,Manual,3,319,632,15.16
BMW,BMW Model 66,2012,2012,3.7L,Hybrid,1200,8,256,524,1727,Manual,0,256,524,16.87
BMW,BMW Model 66,2012,2012,3.7L,Hybrid,1200,8,256,524,1727,Manual,1,276,559,15.64
BMW,BMW Model 66,2012,2012,3.7L,Hybrid,1200,8,256,524,1727,Manual,2,296,594,14.59
BMW,BMW Model 66,2012,2012,3.7L,Hybrid,1200,8,256,524,1727,Manual,3,316,629,13.66
Toyota,Toyota Model 96,2013,2018,4.8L,Hybrid,3000,3,267,629,1929,DSG,0,267,629,18.06
Toyota,Toyota Model 96,2013,2018,4.8L,Hybrid,3000,3,267,629,1929,DSG,1,287,664,16.8
Toyota,Toyota Model 96,2013,2018,4.8L,Hybrid,3000,3,267,629,1929,DSG,2,307,699,15.71
Toyota,Toyota Model 96,2013,2018,4.8L,Hybrid,3000,3,267,629,1929,DSG,3,327,734,14.75
BMW,BMW Model 196,2012,2017,3.5L,Electric,2500,8,79,174,1466,Manual,0,79,174,46.39
BMW,BMW Model 196,2012,2017,3.5L,Electric,2500,8,79,174,1466,Manual,1,99,209,37.02
BMW,BMW Model 196,2012,2017,3.5L,Electric,2500,8,79,174,1466,Manual,2,119,244,30.8
BMW,BMW Model 196,2012,2017,3.5L,Electric,2500,8,79,174,1466,Manual,3,139,279,26.37
Ford,Ford Model 48,2022,2023,2.1L,Petrol,1400,4,140,307,1337,Manual,0,140,307,23.88
Ford,Ford Model 48,2022,2023,2.1L,Petrol,1400,4,140,307,1337,Manual,1,160,342,20.89
Ford,Ford Model 48,2022,2023,2.1L,Petrol,1400,4,140,307,1337,Manual,2,180,377,18.57
Ford,Ford Model 48,2022,2023,2.1L,Petrol,1400,4,140,307,1337,Manual,3,200,412,16.71
Peugeot,Peugeot Model 193,2014,2014,3.5L,Diesel,3000,8,323,614,1549,Auto,0,323,614,11.99
Peugeot,Peugeot Model 193,2014,2014,3.5L,Diesel,3000,8,323,614,1549,Auto,1,343,649,11.29
Peugeot,Peugeot Model 193,2014,2014,3.5L,Diesel,3000,8,323,614,1549,Auto,2,363,684,10.67
Peugeot,Peugeot Model 193,2014,2014,3.5L,Diesel,3000,8,323,614,1549,Auto,3,383,719,10.11
Ford,Ford Model 29,2014,2014,4.7L,Hybrid,1800,6,191,402,1606,Manual,0,191,402,21.02
Ford,Ford Model 29,2014,2014,4.7L,Hybrid,1800,6,191,402,1606,Manual,1,211,437,19.03
Ford,Ford Model 29,2014,2014,4.7L,Hybrid,1800,6,191,402,1606,Manual,2,231,472,17.38
Ford,Ford Model 29,2014,2014,4.7L,Hybrid,1800,6,191,402,1606,Manual,3,251,507,16.0
VW,VW Model 140,2012,2013,4.6L,Petrol,2500,8,380,691,1739,Manual,0,380,691,11.44
VW,VW Model 140,2012,2013,4.6L,Petrol,2500,8,380,691,1739,Manual,1,400,726,10.87
VW,VW Model 140,2012,2013,4.6L,Petrol,2500,8,380,691,1739,Manual,2,420,761,10.35
VW,VW Model 140,2012,2013,4.6L,Petrol,2500,8,380,691,1739,Manual,3,440,796,9.88
Mini,Mini Model 197,2015,2015,2.3L,Diesel,3000,6,339,640,1417,DSG,0,339,640,10.45
Mini,Mini Model 197,2015,2015,2.3L,Diesel,3000,6,339,640,1417,DSG,1,359,675,9.87
Mini,Mini Model 197,2015,2015,2.3L,Diesel,3000,6,339,640,1417,DSG,2,379,710,9.35
Mini,Mini Model 197,2015,2015,2.3L,Diesel,3000,6,339,640,1417,DSG,3,399,745,8.88
Nissan,Nissan Model 113,2017,2021,2.1L,Diesel,3500,3,412,934,1223,Auto,0,412,934,7.42
Nissan,Nissan Model 113,2017,2021,2.1L,Diesel,3500,3,412,934,1223,Auto,1,432,969,7.08
Nissan,Nissan Model 113,2017,2021,2.1L,Diesel,3500,3,412,934,1223,Auto,2,452,1004,6.76
Nissan,Nissan Model 113,2017,2021,2.1L,Diesel,3500,3,412,934,1223,Auto,3,472,1039,6.48
Renault,Renault Model 107,2012,2012,3.6L,Hybrid,1400,8,106,244,1124,DSG,0,106,244,26.51
Renault,Renault Model 107,2012,2012,3.6L,Hybrid,1400,8,106,244,1124,DSG,1,126,279,22.3
Renault,Renault Model 107,2012,2012,3.6L,Hybrid,1400,8,106,244,1124,DSG,2,146,314,19.25
Renault,Renault Model 107,2012,2012,3.6L,Hybrid,1400,8,106,244,1124,DSG,3,166,349,16.93
Mini,Mini Model 65,2014,2014,3.5L,Diesel,2200,4,304,578,2068,DSG,0,304,578,17.01
Mini,Mini Model 65,2014,2014,3.5L,Diesel,2200,4,304,578,2068,DSG,1,324,613,15.96
Mini,Mini Model 65,2014,2014,3.5L,Diesel,2200,4,304,578,2068,DSG,2,344,648,15.03
Mini,Mini Model 65,2014,2014,3.5L,Diesel,2200,4,304,578,2068,DSG,3,364,683,14.2
Toyota,Toyota Model 125,2013,2014,4.2L,Diesel,2500,8,147,357,2352,Manual,0,147,357,40.0
Toyota,Toyota Model 125,2013,2014,4.2L,Diesel,2500,8,147,357,2352,Manual,1,167,392,35.21
Toyota,Toyota Model 125,2013,2014,4.2L,Diesel,2500,8,147,357,2352,Manual,2,187,427,31.44
Toyota,Toyota Model 125,2013,2014,4.2L,Diesel,2500,8,147,357,2352,Manual,3,207,462,28.41
Ford,Ford Model 81,2021,2023,4.6L,Electric,2500,6,168,362,2459,Auto,0,168,362,36.59
Ford,Ford Model 81,2021,2023,4.6L,Electric,2500,6,168,362,2459,Auto,1,188,397,32.7
Ford,Ford Model 81,2021,2023,4.6L,Electric,2500,6,168,362,2459,Auto,2,208,432,29.56
Ford,Ford Model 81,2021,2023,4.6L,Electric,2500,6,168,362,2459,Auto,3,228,467,26.96
Peugeot,Peugeot Model 103,2009,2013,3.3L,Electric,2000,3,252,478,1113,Manual,0,252,478,11.04
Peugeot,Peugeot Model 103,2009,2013,3.3L,Electric,2000,3,252,478,1113,Manual,1,272,513,10.23
Peugeot,Peugeot Model 103,2009,2013,3.3L,Electric,2000,3,252,478,1113,Manual,2,292,548,9.53
Peugeot,Peugeot Model 103,2009,2013,3.3L,Electric,2000,3,252,478,1113,Manual,3,312,583,8.92
Ford,Ford Model 90,2013,2016,2.5L,Diesel,3000,3,207,455,1732,DSG,0,207,455,20.92
Ford,Ford Model 90,2013,2016,2.5L,Diesel,3000,3,207,455,1732,DSG,1,227,490,19.07
Ford,Ford Model 90,2013,2016,2.5L,Diesel,3000,3,207,455,1732,DSG,2,247,525,17.53
Ford,Ford Model 90,2013,2016,2.5L,Diesel,3000,3,207,455,1732,DSG,3,267,560,16.22
Audi,Audi Model 42,2022,2023,3.4L,Diesel,1400,8,446,986,2158,Auto,0,446,986,12.1
Audi,Audi Model 42,2022,2023,3.4L,Diesel,1400,8,446,986,2158,Auto,1,466,1021,11.58
Audi,Audi Model 42,2022,2023,3.4L,Diesel,1400,8,446,986,2158,Auto,2,486,1056,11.1
Audi,Audi Model 42,2022,2023,3.4L,Diesel,1400,8,446,986,2158,Auto,3,506,1091,10.66
Honda,Honda Model 32,2005,2007,3.5L,Hybrid,1400,3,363,697,1058,Auto,0,363,697,7.29
Honda,Honda Model 32,2005,2007,3.5L,Hybrid,1400,3,363,697,1058,Auto,1,383,732,6.91
Honda,Honda Model 32,2005,2007,3.5L,Hybrid,1400,3,363,697,1058,Auto,2,403,767,6.56
Honda,Honda Model 32,2005,2007,3.5L,Hybrid,1400,3,363,697,1058,Auto,3,423,802,6.25
Audi,Audi Model 39,2011,2011,3.1L,Electric,3500,8,172,410,1619,DSG,0,172,410,23.53
Audi,Audi Model 39,2011,2011,3.1L,Electric,3500,8,172,410,1619,DSG,1,192,445,21.08
Audi,Audi Model 39,2011,2011,3.1L,Electric,3500,8,172,410,1619,DSG,2,212,480,19.09
Audi,Audi Model 39,2011,2011,3.1L,Electric,3500,8,172,410,1619,DSG,3,232,515,17.45
Mercedes,Mercedes Model 49,2007,2007,2.4L,Petrol,3000,6,283,593,1616,Manual,0,283,593,14.28
Mercedes,Mercedes Model 49,2007,2007,2.4L,Petrol,3000,6,283,593,1616,Manual,1,303,628,13.33
Mercedes,Mercedes Model 49,2007,2007,2.4L,Petrol,3000,6,283,593,1616,Manual,2,323,663,12.51
Mercedes,Mercedes Model 49,2007,2007,2.4L,Petrol,3000,6,283,593,1616,Manual,3,343,698,11.78
Peugeot,Peugeot Model 158,2009,2013,4.3L,Hybrid,2500,8,286,514,1524,Auto,0,286,514,13.32
Peugeot,Peugeot Model 158,2009,2013,4.3L,Hybrid,2500,8,286,514,1524,Auto,1,306,549,12.45
Peugeot,Peugeot Model 158,2009,2013,4.3L,Hybrid,2500,8,286,514,1524,Auto,2,326,584,11.69
Peugeot,Peugeot Model 158,2009,2013,4.3L,Hybrid,2500,8,286,514,1524,Auto,3,346,619,11.01
Jaguar,Jaguar Model 127,2005,2008,1.6L,Petrol,3500,6,220,432,2305,Auto,0,220,432,26.19
Jaguar,Jaguar Model 127,2005,2008,1.6L,Petrol,3500,6,220,432,2305,Auto,1,240,467,24.01
Jaguar,Jaguar Model 127,2005,2008,1.6L,Petrol,3500,6,220,432,2305,Auto,2,260,502,22.16
Jaguar,Jaguar Model 127,2005,2008,1.6L,Petrol,3500,6,220,432,2305,Auto,3,280,537,20.58
Nissan,Nissan Model 175,2009,2013,4.5L,Hybrid,3000,6,367,672,2470,Manual,0,367,672,16.83
Nissan,Nissan Model 175,2009,2013,4.5L,Hybrid,3000,6,367,672,2470,Manual,1,387,707,15.96
Nissan,Nissan Model 175,2009,2013,4.5L,Hybrid,3000,6,367,672,2470,Manual,2,407,742,15.17
Nissan,Nissan Model 175,2009,2013,4.5L,Hybrid,3000,6,367,672,2470,Manual,3,427,777,14.46
Mini,Mini Model 52,2010,2010,2.7L,Petrol,3000,6,109,270,1003,Auto,0,109,270,23.0
Mini,Mini Model 52,2010,2010,2.7L,Petrol,3000,6,109,270,1003,Auto,1,129,305,19.44
Mini,Mini Model 52,2010,2010,2.7L,Petrol,3000,6,109,270,1003,Auto,2,149,340,16.83
Mini,Mini Model 52,2010,2010,2.7L,Petrol,3000,6,109,270,1003,Auto,3,169,375,14.84
Jaguar,Jaguar Model 25,2018,2020,4.0L,Petrol,3000,8,351,811,1130,Auto,0,351,811,8.05
Jaguar,Jaguar Model 25,2018,2020,4.0L,Petrol,3000,8,351,811,1130,Auto,1,371,846,7.61
Jaguar,Jaguar Model 25,2018,2020,4.0L,Petrol,3000,8,351,811,1130,Auto,2,391,881,7.23
Jaguar,Jaguar Model 25,2018,2020,4.0L,Petrol,3000,8,351,811,1130,Auto,3,411,916,6.87
VW,VW Model 5,2013,2016,2.0L,Diesel,3000,8,245,442,2365,Manual,0,245,442,24.13
VW,VW Model 5,2013,2016,2.0L,Diesel,3000,8,245,442,2365,Manual,1,265,477,22.31
VW,VW Model 5,2013,2016,2.0L,Diesel,3000,8,245,442,2365,Manual,2,285,512,20.75
VW,VW Model 5,2013,2016,2.0L,Diesel,3000,8,245,442,2365,Manual,3,305,547,19.39
Mercedes,Mercedes Model 53,2006,2009,2.5L,Diesel,3500,3,326,588,1426,Auto,0,326,588,10.94
Mercedes,Mercedes Model 53,2006,2009,2.5L,Diesel,3500,3,326,588,1426,Auto,1,346,623,10.3
Mercedes,Mercedes Model 53,2006,2009,2.5L,Diesel,3500,3,326,588,1426,Auto,2,366,658,9.74
Mercedes,Mercedes Model 53,2006,2009,2.5L,Diesel,3500,3,326,588,1426,Auto,3,386,693,9.24
Mercedes,Mercedes Model 197,2014,2016,3.9L,Hybrid,2500,8,265,535,2475,Manual,0,265,535,23.35
Mercedes,Mercedes Model 197,2014,2016,3.9L,Hybrid,2500,8,265,535,2475,Manual,1,285,570,21.71
Mercedes,Mercedes Model 197,2014,2016,3.9L,Hybrid,2500,8,265,535,2475,Manual,2,305,605,20.29
Mercedes,Mercedes Model 197,2014,2016,3.9L,Hybrid,2500,8,265,535,2475,Manual,3,325,640,19.04
Audi,Audi Model 27,2010,2012,2.4L,Electric,1800,4,105,234,1352,Manual,0,105,234,32.19
Audi,Audi Model 27,2010,2012,2.4L,Electric,1800,4,105,234,1352,Manual,1,125,269,27.04
Audi,Audi Model 27,2010,2012,2.4L,Electric,1800,4,105,234,1352,Manual,2,145,304,23.31
Audi,Audi Model 27,2010,2012,2.4L,Electric,1800,4,105,234,1352,Manual,3,165,339,20.48
Nissan,Nissan Model 105,2009,2010,1.0L,Petrol,2000,4,346,845,1756,DSG,0,346,845,12.69
Nissan,Nissan Model 105,2009,2010,1.0L,Petrol,2000,4,346,845,1756,DSG,1,366,880,11.99
Nissan,Nissan Model 105,2009,2010,1.0L,Petrol,2000,4,346,845,1756,DSG,2,386,915,11.37
Nissan,Nissan Model 105,2009,2010,1.0L,Petrol,2000,4,346,845,1756,DSG,3,406,950,10.81
Toyota,Toyota Model 102,2014,2017,2.2L,Hybrid,1400,8,259,530,1340,Manual,0,259,530,12.93
Toyota,Toyota Model 102,2014,2017,2.2L,Hybrid,1400,8,259,530,1340,Manual,1,279,565,12.01
Toyota,Toyota Model 102,2014,2017,2.2L,Hybrid,1400,8,259,530,1340,Manual,2,299,600,11.2
Toyota,Toyota Model 102,2014,2017,2.2L,Hybrid,1400,8,259,530,1340,Manual,3,319,635,10.5
Mini,Mini Model 138,2019,2022,2.6L,Diesel,2200,8,258,540,2159,Manual,0,258,540,20.92
Mini,Mini Model 138,2019,2022,2.6L,Diesel,2200,8,258,540,2159,Manual,1,278,575,19.42
Mini,Mini Model 138,2019,2022,2.6L,Diesel,2200,8,258,540,2159,Manual,2,298,610,18.11
Mini,Mini Model 138,2019,2022,2.6L,Diesel,2200,8,258,540,2159,Manual,3,318,645,16.97
Toyota,Toyota Model 23,2021,2023,1.2L,Diesel,1200,6,351,753,2195,Manual,0,351,753,15.63
Toyota,Toyota Model 23,2021,2023,1.2L,Diesel,1200,6,351,753,2195,Manual,1,371,788,14.79
Toyota,Toyota Model 23,2021,2023,1.2L,Diesel,1200,6,351,753,2195,Manual,2,391,823,14.03
Toyota,Toyota Model 23,2021,2023,1.2L,Diesel,1200,6,351,753,2195,Manual,3,411,858,13.35
Mercedes,Mercedes Model 104,2011,2013,1.5L,Petrol,3500,3,250,609,1069,Manual,0,250,609,10.69
Mercedes,Mercedes Model 104,2011,2013,1.5L,Petrol,3500,3,250,609,1069,Manual,1,270,644,9.9
Mercedes,Mercedes Model 104,2011,2013,1.5L,Petrol,3500,3,250,609,1069,Manual,2,290,679,9.22
Mercedes,Mercedes Model 104,2011,2013,1.5L,Petrol,3500,3,250,609,1069,Manual,3,310,714,8.62
Toyota,Toyota Model 123,2020,2023,1.6L,Electric,2000,3,421,793,1535,Manual,0,421,793,9.12
Toyota,Toyota Model 123,2020,2023,1.6L,Electric,2000,3,421,793,1535,Manual,1,441,828,8.7
Toyota,Toyota Model 123,2020,2023,1.6L,Electric,2000,3,421,793,1535,Manual,2,461,863,8.32
Toyota,Toyota Model 123,2020,2023,1.6L,Electric,2000,3,421,793,1535,Manual,3,481,898,7.98
BMW,BMW Model 13,2016,2016,1.9L,Hybrid,3000,3,94,200,1265,DSG,0,94,200,33.64
BMW,BMW Model 13,2016,2016,1.9L,Hybrid,3000,3,94,200,1265,DSG,1,114,235,27.74
BMW,BMW Model 13,2016,2016,1.9L,Hybrid,3000,3,94,200,1265,DSG,2,134,270,23.6
BMW,BMW Model 13,2016,2016,1.9L,Hybrid,3000,3,94,200,1265,DSG,3,154,305,20.54
Audi,Audi Model 163,2015,2019,3.0L,Diesel,1800,6,154,306,2258,DSG,0,154,306,36.66
Audi,Audi Model 163,2015,2019,3.0L,Diesel,1800,6,154,306,2258,DSG,1,174,341,32.44
Audi,Audi Model 163,2015,2019,3.0L,Diesel,1800,6,154,306,2258,DSG,2,194,376,29.1
Audi,Audi Model 163,2015,2019,3.0L,Diesel,1800,6,154,306,2258,DSG,3,214,411,26.38
Nissan,Nissan Model 123,2012,2016,2.0L,Hybrid,1200,4,133,259,2497,Auto,0,133,259,46.94
Nissan,Nissan Model 123,2012,2016,2.0L,Hybrid,1200,4,133,259,2497,Auto,1,153,294,40.8
Nissan,Nissan Model 123,2012,2016,2.0L,Hybrid,1200,4,133,259,2497,Auto,2,173,329,36.08
Nissan,Nissan Model 123,2012,2016,2.0L,Hybrid,1200,4,133,259,2497,Auto,3,193,364,32.34
Renault,Renault Model 114,2017,2021,2.4L,Petrol,3500,6,435,1033,1308,DSG,0,435,1033,7.52
Renault,Renault Model 114,2017,2021,2.4L,Petrol,3500,6,435,1033,1308,DSG,1,455,1068,7.19
Renault,Renault Model 114,2017,2021,2.4L,Petrol,3500,6,435,1033,1308,DSG,2,475,1103,6.88
Renault,Renault Model 114,2017,2021,2.4L,Petrol,3500,6,435,1033,1308,DSG,3,495,1138,6.61
BMW,BMW Model 12,2012,2014,1.3L,Petrol,3000,8,135,255,1371,Auto,0,135,255,25.39
BMW,BMW Model 12,2012,2014,1.3L,Petrol,3000,8,135,255,1371,Auto,1,155,290,22.11
BMW,BMW Model 12,2012,2014,1.3L,Petrol,3000,8,135,255,1371,Auto,2,175,325,19.59
BMW,BMW Model 12,2012,2014,1.3L,Petrol,3000,8,135,255,1371,Auto,3,195,360,17.58
BMW,BMW Model 42,2016,2019,5.0L,Petrol,2000,8,316,719,1657,DSG,0,316,719,13.11
BMW,BMW Model 42,2016,2019,5.0L,Petrol,2000,8,316,719,1657,DSG,1,336,754,12.33
BMW,BMW Model 42,2016,2019,5.0L,Petrol,2000,8,316,719,1657,DSG,2,356,789,11.64
BMW,BMW Model 42,2016,2019,5.0L,Petrol,2000,8,316,719,1657,DSG,3,376,824,11.02
Jaguar,Jaguar Model 77,2019,2024,4.8L,Hybrid,3500,3,250,468,1481,Auto,0,250,468,14.81
Jaguar,Jaguar Model 77,2019,2024,4.8L,Hybrid,3500,3,250,468,1481,Auto,1,270,503,13.71
Jaguar,Jaguar Model 77,2019,2024,4.8L,Hybrid,3500,3,250,468,1481,Auto,2,290,538,12.77
Jaguar,Jaguar Model 77,2019,2024,4.8L,Hybrid,3500,3,250,468,1481,Auto,3,310,573,11.94
Toyota,Toyota Model 143,2016,2016,4.6L,Electric,1800,3,329,765,1181,DSG,0,329,765,8.97
Toyota,Toyota Model 143,2016,2016,4.6L,Electric,1800,3,329,765,1181,DSG,1,349,800,8.46
Toyota,Toyota Model 143,2016,2016,4.6L,Electric,1800,3,329,765,1181,DSG,2,369,835,8.0
Toyota,Toyota Model 143,2016,2016,4.6L,Electric,1800,3,329,765,1181,DSG,3,389,870,7.59
Peugeot,Peugeot Model 70,2007,2012,4.9L,Diesel,1200,8,301,622,2104,DSG,0,301,622,17.48
Peugeot,Peugeot Model 70,2007,2012,4.9L,Diesel,1200,8,301,622,2104,DSG,1,321,657,16.39
Peugeot,Peugeot Model 70,2007,2012,4.9L,Diesel,1200,8,301,622,2104,DSG,2,341,692,15.43
Peugeot,Peugeot Model 70,2007,2012,4.9L,Diesel,1200,8,301,622,2104,DSG,3,361,727,14.57
Toyota,Toyota Model 60,2015,2019,4.4L,Diesel,2500,4,401,846,1367,DSG,0,401,846,8.52
Toyota,Toyota Model 60,2015,2019,4.4L,Diesel,2500,4,401,846,1367,DSG,1,421,881,8.12
Toyota,Toyota Model 60,2015,2019,4.4L,Diesel,2500,4,401,846,1367,DSG,2,441,916,7.75
Toyota,Toyota Model 60,2015,2019,4.4L,Diesel,2500,4,401,846,1367,DSG,3,461,951,7.41
Mercedes,Mercedes Model 97,2022,2026,4.9L,Petrol,2000,6,341,691,1641,DSG,0,341,691,12.03
Mercedes,Mercedes Model 97,2022,2026,4.9L,Petrol,2000,6,341,691,1641,DSG,1,361,726,11.36
Mercedes,Mercedes Model 97,2022,2026,4.9L,Petrol,2000,6,341,691,1641,DSG,2,381,761,10.77
Mercedes,Mercedes Model 97,2022,2026,4.9L,Petrol,2000,6,341,691,1641,DSG,3,401,796,10.23
Nissan,Nissan Model 1,2018,2021,2.4L,Hybrid,2000,3,71,136,1987,Auto,0,71,136,69.96
Nissan,Nissan Model 1,2018,2021,2.4L,Hybrid,2000,3,71,136,1987,Auto,1,91,171,54.59
Nissan,Nissan Model 1,2018,2021,2.4L,Hybrid,2000,3,71,136,1987,Auto,2,111,206,44.75
Nissan,Nissan Model 1,2018,2021,2.4L,Hybrid,2000,3,71,136,1987,Auto,3,131,241,37.92
Peugeot,Peugeot Model 177,2021,2024,4.2L,Hybrid,2000,8,247,482,1750,Auto,0,247,482,17.71
Peugeot,Peugeot Model 177,2021,2024,4.2L,Hybrid,2000,8,247,482,1750,Auto,1,267,517,16.39
Peugeot,Peugeot Model 177,2021,2024,4.2L,Hybrid,2000,8,247,482,1750,Auto,2,287,552,15.24
Peugeot,Peugeot Model 177,2021,2024,4.2L,Hybrid,2000,8,247,482,1750,Auto,3,307,587,14.25
Ford,Ford Model 8,2015,2017,1.1L,Petrol,1800,4,166,332,2085,Auto,0,166,332,31.4
Ford,Ford Model 8,2015,2017,1.1L,Petrol,1800,4,166,332,2085,Auto,1,186,367,28.02
Ford,Ford Model 8,2015,2017,1.1L,Petrol,1800,4,166,332,2085,Auto,2,206,402,25.3
Ford,Ford Model 8,2015,2017,1.1L,Petrol,1800,4,166,332,2085,Auto,3,226,437,23.06
BMW,BMW Model 124,2019,2019,4.8L,Electric,2500,4,150,368,1665,DSG,0,150,368,27.75
BMW,BMW Model 124,2019,2019,4.8L,Electric,2500,4,150,368,1665,DSG,1,170,403,24.49
BMW,BMW Model 124,2019,2019,4.8L,Electric,2500,4,150,368,1665,DSG,2,190,438,21.91
BMW,BMW Model 124,2019,2019,4.8L,Electric,2500,4,150,368,1665,DSG,3,210,473,19.82
VW,VW Model 123,2020,2024,2.5L,Hybrid,3000,4,436,793,1245,Manual,0,436,793,7.14
VW,VW Model 123,2020,2024,2.5L,Hybrid,3000,4,436,793,1245,Manual,1,456,828,6.83
VW,VW Model 123,2020,2024,2.5L,Hybrid,3000,4,436,793,1245,Manual,2,476,863,6.54
VW,VW Model 123,2020,2024,2.5L,Hybrid,3000,4,436,793,1245,Manual,3,496,898,6.28
BMW,BMW Model 73,2013,2016,1.8L,Diesel,3500,3,340,758,2009,Auto,0,340,758,14.77
BMW,BMW Model 73,2013,2016,1.8L,Diesel,3500,3,340,758,2009,Auto,1,360,793,13.95
BMW,BMW Model 73,2013,2016,1.8L,Diesel,3500,3,340,758,2009,Auto,2,380,828,13.22
BMW,BMW Model 73,2013,2016,1.8L,Diesel,3500,3,340,758,2009,Auto,3,400,863,12.56
Nissan,Nissan Model 12,2019,2024,1.2L,Electric,2000,6,291,605,1094,Auto,0,291,605,9.4
Nissan,Nissan Model 12,2019,2024,1.2L,Electric,2000,6,291,605,1094,Auto,1,311,640,8.79
Nissan,Nissan Model 12,2019,2024,1.2L,Electric,2000,6,291,605,1094,Auto,2,331,675,8.26
Nissan,Nissan Model 12,2019,2024,1.2L,Electric,2000,6,291,605,1094,Auto,3,351,710,7.79
BMW,BMW Model 171,2008,2013,3.8L,Petrol,1800,6,343,833,2372,Manual,0,343,833,17.29
BMW,BMW Model 171,2008,2013,3.8L,Petrol,1800,6,343,833,2372,Manual,1,363,868,16.34
BMW,BMW Model 171,2008,2013,3.8L,Petrol,1800,6,343,833,2372,Manual,2,383,903,15.48
BMW,BMW Model 171,2008,2013,3.8L,Petrol,1800,6,343,833,2372,Manual,3,403,938,14.71
Nissan,Nissan Model 85,2005,2005,2.2L,Electric,1800,6,370,731,1909,DSG,0,370,731,12.9
Nissan,Nissan Model 85,2005,2005,2.2L,Electric,1800,6,370,731,1909,DSG,1,390,766,12.24
Nissan,Nissan Model 85,2005,2005,2.2L,Electric,1800,6,370,731,1909,DSG,2,410,801,11.64
Nissan,Nissan Model 85,2005,2005,2.2L,Electric,1800,6,370,731,1909,DSG,3,430,836,11.1
Peugeot,Peugeot Model 184,2017,2018,2.0L,Hybrid,3500,8,141,291,2437,DSG,0,141,291,43.21
Peugeot,Peugeot Model 184,2017,2018,2.0L,Hybrid,3500,8,141,291,2437,DSG,1,161,326,37.84
Peugeot,Peugeot Model 184,2017,2018,2.0L,Hybrid,3500,8,141,291,2437,DSG,2,181,361,33.66
Peugeot,Peugeot Model 184,2017,2018,2.0L,Hybrid,3500,8,141,291,2437,DSG,3,201,396,30.31
VW,VW Model 55,2006,2007,4.5L,Hybrid,2200,3,381,685,2478,Auto,0,381,685,16.26
VW,VW Model 55,2006,2007,4.5L,Hybrid,2200,3,381,685,2478,Auto,1,401,720,15.45
VW,VW Model 55,2006,2007,4.5L,Hybrid,2200,3,381,685,2478,Auto,2,421,755,14.71
VW,VW Model 55,2006,2007,4.5L,Hybrid,2200,3,381,685,2478,Auto,3,441,790,14.05
Jaguar,Jaguar Model 133,2022,2024,1.8L,Petrol,2500,3,251,473,1341,Manual,0,251,473,13.36
Jaguar,Jaguar Model 133,2022,2024,1.8L,Petrol,2500,3,251,473,1341,Manual,1,271,508,12.37
Jaguar,Jaguar Model 133,2022,2024,1.8L,Petrol,2500,3,251,473,1341,Manual,2,291,543,11.52
Jaguar,Jaguar Model 133,2022,2024,1.8L,Petrol,2500,3,251,473,1341,Manual,3,311,578,10.78
Audi,Audi Model 43,2020,2023,3.8L,Hybrid,3000,4,278,686,1030,Auto,0,278,686,9.26
Audi,Audi Model 43,2020,2023,3.8L,Hybrid,3000,4,278,686,1030,Auto,1,298,721,8.64
Audi,Audi Model 43,2020,2023,3.8L,Hybrid,3000,4,278,686,1030,Auto,2,318,756,8.1
Audi,Audi Model 43,2020,2023,3.8L,Hybrid,3000,4,278,686,1030,Auto,3,338,791,7.62
Honda,Honda Model 46,2005,2006,3.0L,Petrol,1200,8,388,881,2338,Manual,0,388,881,15.06
Honda,Honda Model 46,2005,2006,3.0L,Petrol,1200,8,388,881,2338,Manual,1,408,916,14.33
Honda,Honda Model 46,2005,2006,3.0L,Petrol,1200,8,388,881,2338,Manual,2,428,951,13.66
Honda,Honda Model 46,2005,2006,3.0L,Petrol,1200,8,388,881,2338,Manual,3,448,986,13.05
Land Rover,Land Rover Model 108,2019,2024,3.9L,Electric,1800,4,227,479,2389,Auto,0,227,479,26.31
Land Rover,Land Rover Model 108,2019,2024,3.9L,Electric,1800,4,227,479,2389,Auto,1,247,514,24.18
Land Rover,Land Rover Model 108,2019,2024,3.9L,Electric,1800,4,227,479,2389,Auto,2,267,549,22.37
Land Rover,Land Rover Model 108,2019,2024,3.9L,Electric,1800,4,227,479,2389,Auto,3,287,584,20.81
Audi,Audi Model 118,2020,2025,4.2L,Electric,2000,6,375,804,1008,Auto,0,375,804,6.72
Audi,Audi Model 118,2020,2025,4.2L,Electric,2000,6,375,804,1008,Auto,1,395,839,6.38
Audi,Audi Model 118,2020,2025,4.2L,Electric,2000,6,375,804,1008,Auto,2,415,874,6.07
Audi,Audi Model 118,2020,2025,4.2L,Electric,2000,6,375,804,1008,Auto,3,435,909,5.79
Nissan,Nissan Model 132,2010,2010,2.6L,Hybrid,2200,6,345,734,1518,Manual,0,345,734,11.0
Nissan,Nissan Model 132,2010,2010,2.6L,Hybrid,2200,6,345,734,1518,Manual,1,365,769,10.4
Nissan,Nissan Model 132,2010,2010,2.6L,Hybrid,2200,6,345,734,1518,Manual,2,385,804,9.86
Nissan,Nissan Model 132,2010,2010,2.6L,Hybrid,2200,6,345,734,1518,Manual,3,405,839,9.37
Vauxhall,Vauxhall Model 139,2017,2021,2.0L,Electric,2500,3,81,198,1024,DSG,0,81,198,31.6
Vauxhall,Vauxhall Model 139,2017,2021,2.0L,Electric,2500,3,81,198,1024,DSG,1,101,233,25.35
Vauxhall,Vauxhall Model 139,2017,2021,2.0L,Electric,2500,3,81,198,1024,DSG,2,121,268,21.16
Vauxhall,Vauxhall Model 139,2017,2021,2.0L,Electric,2500,3,81,198,1024,DSG,3,141,303,18.16
Peugeot,Peugeot Model 160,2014,2015,2.1L,Electric,1200,6,288,546,2199,Auto,0,288,546,19.09
Peugeot,Peugeot Model 160,2014,2015,2.1L,Electric,1200,6,288,546,2199,Auto,1,308,581,17.85
Peugeot,Peugeot Model 160,2014,2015,2.1L,Electric,1200,6,288,546,2199,Auto,2,328,616,16.76
Peugeot,Peugeot Model 160,2014,2015,2.1L,Electric,1200,6,288,546,2199,Auto,3,348,651,15.8
Toyota,Toyota Model 135,2011,2014,2.7L,Diesel,2000,6,279,627,2049,Auto,0,279,627,18.36
Toyota,Toyota Model 135,2011,2014,2.7L,Diesel,2000,6,279,627,2049,Auto,1,299,662,17.13
Toyota,Toyota Model 135,2011,2014,2.7L,Diesel,2000,6,279,627,2049,Auto,2,319,697,16.06
Toyota,Toyota Model 135,2011,2014,2.7L,Diesel,2000,6,279,627,2049,Auto,3,339,732,15.11
Mini,Mini Model 196,2014,2019,2.2L,Petrol,1800,4,423,845,1277,DSG,0,423,845,7.55
Mini,Mini Model 196,2014,2019,2.2L,Petrol,1800,4,423,845,1277,DSG,1,443,880,7.21
Mini,Mini Model 196,2014,2019,2.2L,Petrol,1800,4,423,845,1277,DSG,2,463,915,6.9
Mini,Mini Model 196,2014,2019,2.2L,Petrol,1800,4,423,845,1277,DSG,3,483,950,6.61
Jaguar,Jaguar Model 131,2006,2008,4.9L,Petrol,1200,4,76,148,2014,DSG,0,76,148,66.25
Jaguar,Jaguar Model 131,2006,2008,4.9L,Petrol,1200,4,76,148,2014,DSG,1,96,183,52.45
Jaguar,Jaguar Model 131,2006,2008,4.9L,Petrol,1200,4,76,148,2014,DSG,2,116,218,43.41
Jaguar,Jaguar Model 131,2006,2008,4.9L,Petrol,1200,4,76,148,2014,DSG,3,136,253,37.02
Peugeot,Peugeot Model 96,2006,2009,3.8L,Electric,1600,8,419,930,2251,Manual,0,419,930,13.43
Peugeot,Peugeot Model 96,2006,2009,3.8L,Electric,1600,8,419,930,2251,Manual,1,439,965,12.82
Peugeot,Peugeot Model 96,2006,2009,3.8L,Electric,1600,8,419,930,2251,Manual,2,459,1000,12.26
Peugeot,Peugeot Model 96,2006,2009,3.8L,Electric,1600,8,419,930,2251,Manual,3,479,1035,11.75
VW,VW Model 123,2006,2011,3.4L,Petrol,2500,3,330,771,2269,Auto,0,330,771,17.19
VW,VW Model 123,2006,2011,3.4L,Petrol,2500,3,330,771,2269,Auto,1,350,806,16.21
VW,VW Model 123,2006,2011,3.4L,Petrol,2500,3,330,771,2269,Auto,2,370,841,15.33
VW,VW Model 123,2006,2011,3.4L,Petrol,2500,3,330,771,2269,Auto,3,390,876,14.54
Mini,Mini Model 81,2018,2023,1.9L,Diesel,2000,4,356,833,1748,DSG,0,356,833,12.28
Mini,Mini Model 81,2018,2023,1.9L,Diesel,2000,4,356,833,1748,DSG,1,376,868,11.62
Mini,Mini Model 81,2018,2023,1.9L,Diesel,2000,4,356,833,1748,DSG,2,396,903,11.04
Mini,Mini Model 81,2018,2023,1.9L,Diesel,2000,4,356,833,1748,DSG,3,416,938,10.5
Renault,Renault Model 99,2021,2026,2.4L,Hybrid,1200,4,108,212,1160,Manual,0,108,212,26.85
Renault,Renault Model 99,2021,2026,2.4L,Hybrid,1200,4,108,212,1160,Manual,1,128,247,22.66
Renault,Renault Model 99,2021,2026,2.4L,Hybrid,1200,4,108,212,1160,Manual,2,148,282,19.59
Renault,Renault Model 99,2021,2026,2.4L,Hybrid,1200,4,108,212,1160,Manual,3,168,317,17.26
VW,VW Model 150,2013,2013,3.0L,Hybrid,2200,4,235,463,1891,Auto,0,235,463,20.12
VW,VW Model 150,2013,2013,3.0L,Hybrid,2200,4,235,463,1891,Auto,1,255,498,18.54
VW,VW Model 150,2013,2013,3.0L,Hybrid,2200,4,235,463,1891,Auto,2,275,533,17.19
VW,VW Model 150,2013,2013,3.0L,Hybrid,2200,4,235,463,1891,Auto,3,295,568,16.03
Nissan,Nissan Model 73,2021,2023,4.3L,Hybrid,3000,3,156,312,1159,DSG,0,156,312,18.57
Nissan,Nissan Model 73,2021,2023,4.3L,Hybrid,3000,3,156,312,1159,DSG,1,176,347,16.46
Nissan,Nissan Model 73,2021,2023,4.3L,Hybrid,3000,3,156,312,1159,DSG,2,196,382,14.78
Nissan,Nissan Model 73,2021,2023,4.3L,Hybrid,3000,3,156,312,1159,DSG,3,216,417,13.41
Honda,Honda Model 165,2017,2022,2.4L,Petrol,3500,8,213,520,1250,Manual,0,213,520,14.67
Honda,Honda Model 165,2017,2022,2.4L,Petrol,3500,8,213,520,1250,Manual,1,233,555,13.41
Honda,Honda Model 165,2017,2022,2.4L,Petrol,3500,8,213,520,1250,Manual,2,253,590,12.35
Honda,Honda Model 165,2017,2022,2.4L,Petrol,3500,8,213,520,1250,Manual,3,273,625,11.45
Audi,Audi Model 170,2010,2012,2.5L,Diesel,3500,4,357,657,2002,Manual,0,357,657,14.02
Audi,Audi Model 170,2010,2012,2.5L,Diesel,3500,4,357,657,2002,Manual,1,377,692,13.28
Audi,Audi Model 170,2010,2012,2.5L,Diesel,3500,4,357,657,2002,Manual,2,397,727,12.61
Audi,Audi Model 170,2010,2012,2.5L,Diesel,3500,4,357,657,2002,Manual,3,417,762,12.0
Audi,Audi Model 82,2005,2005,4.1L,Petrol,1400,6,410,882,1055,DSG,0,410,882,6.43
Audi,Audi Model 82,2005,2005,4.1L,Petrol,1400,6,410,882,1055,DSG,1,430,917,6.13
Audi,Audi Model 82,2005,2005,4.1L,Petrol,1400,6,410,882,1055,DSG,2,450,952,5.86
Audi,Audi Model 82,2005,2005,4.1L,Petrol,1400,6,410,882,1055,DSG,3,470,987,5.61
Renault,Renault Model 111,2015,2016,3.2L,Hybrid,1600,8,303,570,1329,DSG,0,303,570,10.97
Renault,Renault Model 111,2015,2016,3.2L,Hybrid,1600,8,303,570,1329,DSG,1,323,605,10.29
Renault,Renault Model 111,2015,2016,3.2L,Hybrid,1600,8,303,570,1329,DSG,2,343,640,9.69
Renault,Renault Model 111,2015,2016,3.2L,Hybrid,1600,8,303,570,1329,DSG,3,363,675,9.15
Renault,Renault Model 169,2010,2012,4.4L,Petrol,2500,6,204,420,1815,DSG,0,204,420,22.24
Renault,Renault Model 169,2010,2012,4.4L,Petrol,2500,6,204,420,1815,DSG,1,224,455,20.26
Renault,Renault Model 169,2010,2012,4.4L,Petrol,2500,6,204,420,1815,DSG,2,244,490,18.6
Renault,Renault Model 169,2010,2012,4.4L,Petrol,2500,6,204,420,1815,DSG,3,264,525,17.19
Honda,Honda Model 3,2005,2010,2.0L,Diesel,2000,3,256,501,1930,Manual,0,256,501,18.85
Honda,Honda Model 3,2005,2010,2.0L,Diesel,2000,3,256,501,1930,Manual,1,276,536,17.48
Honda,Honda Model 3,2005,2010,2.0L,Diesel,2000,3,256,501,1930,Manual,2,296,571,16.3
Honda,Honda Model 3,2005,2010,2.0L,Diesel,2000,3,256,501,1930,Manual,3,316,606,15.27
Ford,Ford Model 17,2010,2010,3.0L,Diesel,1600,6,168,344,2138,Manual,0,168,344,31.82
Ford,Ford Model 17,2010,2010,3.0L,Diesel,1600,6,168,344,2138,Manual,1,188,379,28.43
Ford,Ford Model 17,2010,2010,3.0L,Diesel,1600,6,168,344,2138,Manual,2,208,414,25.7
Ford,Ford Model 17,2010,2010,3.0L,Diesel,1600,6,168,344,2138,Manual,3,228,449,23.44
Peugeot,Peugeot Model 32,2014,2019,3.7L,Hybrid,1400,8,87,211,1293,Manual,0,87,211,37.16
Peugeot,Peugeot Model 32,2014,2019,3.7L,Hybrid,1400,8,87,211,1293,Manual,1,107,246,30.21
Peugeot,Peugeot Model 32,2014,2019,3.7L,Hybrid,1400,8,87,211,1293,Manual,2,127,281,25.45
Peugeot,Peugeot Model 32,2014,2019,3.7L,Hybrid,1400,8,87,211,1293,Manual,3,147,316,21.99
Renault,Renault Model 112,2021,2023,2.1L,Diesel,1200,8,277,505,1498,Auto,0,277,505,13.52
Renault,Renault Model 112,2021,2023,2.1L,Diesel,1200,8,277,505,1498,Auto,1,297,540,12.61
Renault,Renault Model 112,2021,2023,2.1L,Diesel,1200,8,277,505,1498,Auto,2,317,575,11.81
Renault,Renault Model 112,2021,2023,2.1L,Diesel,1200,8,277,505,1498,Auto,3,337,610,11.11
Toyota,Toyota Model 141,2009,2012,4.9L,Electric,1400,8,187,431,2028,DSG,0,187,431,27.11
Toyota,Toyota Model 141,2009,2012,4.9L,Electric,1400,8,187,431,2028,DSG,1,207,466,24.49
Toyota,Toyota Model 141,2009,2012,4.9L,Electric,1400,8,187,431,2028,DSG,2,227,501,22.33
Toyota,Toyota Model 141,2009,2012,4.9L,Electric,1400,8,187,431,2028,DSG,3,247,536,20.53
Toyota,Toyota Model 27,2021,2021,4.4L,Diesel,2500,8,234,520,1146,Auto,0,234,520,12.24
Toyota,Toyota Model 27,2021,2021,4.4L,Diesel,2500,8,234,520,1146,Auto,1,254,555,11.28
Toyota,Toyota Model 27,2021,2021,4.4L,Diesel,2500,8,234,520,1146,Auto,2,274,590,10.46
Toyota,Toyota Model 27,2021,2021,4.4L,Diesel,2500,8,234,520,1146,Auto,3,294,625,9.74
Renault,Renault Model 127,2007,2008,1.5L,Hybrid,2000,3,230,464,2304,Manual,0,230,464,25.04
Renault,Renault Model 127,2007,2008,1.5L,Hybrid,2000,3,230,464,2304,Manual,1,250,499,23.04
Renault,Renault Model 127,2007,2008,1.5L,Hybrid,2000,3,230,464,2304,Manual,2,270,534,21.33
Renault,Renault Model 127,2007,2008,1.5L,Hybrid,2000,3,230,464,2304,Manual,3,290,569,19.86
Mini,Mini Model 96,2015,2017,3.2L,Hybrid,3000,6,255,583,2269,DSG,0,255,583,22.25
Mini,Mini Model 96,2015,2017,3.2L,Hybrid,3000,6,255,583,2269,DSG,1,275,618,20.63
Mini,Mini Model 96,2015,2017,3.2L,Hybrid,3000,6,255,583,2269,DSG,2,295,653,19.23
Mini,Mini Model 96,2015,2017,3.2L,Hybrid,3000,6,255,583,2269,DSG,3,315,688,18.01
Mercedes,Mercedes Model 46,2021,2026,2.4L,Hybrid,1400,8,138,270,2430,DSG,0,138,270,44.02
Mercedes,Mercedes Model 46,2021,2026,2.4L,Hybrid,1400,8,138,270,2430,DSG,1,158,305,38.45
Mercedes,Mercedes Model 46,2021,2026,2.4L,Hybrid,1400,8,138,270,2430,DSG,2,178,340,34.13
Mercedes,Mercedes Model 46,2021,2026,2.4L,Hybrid,1400,8,138,270,2430,DSG,3,198,375,30.68
Nissan,Nissan Model 138,2009,2012,4.1L,Electric,1400,8,369,778,2354,Manual,0,369,778,15.95
Nissan,Nissan Model 138,2009,2012,4.1L,Electric,1400,8,369,778,2354,Manual,1,389,813,15.13
Nissan,Nissan Model 138,2009,2012,4.1L,Electric,1400,8,369,778,2354,Manual,2,409,848,14.39
Nissan,Nissan Model 138,2009,2012,4.1L,Electric,1400,8,369,778,2354,Manual,3,429,883,13.72
Audi,Audi Model 132,2020,2021,1.7L,Petrol,3000,4,153,360,1192,Auto,0,153,360,19.48
Audi,Audi Model 132,2020,2021,1.7L,Petrol,3000,4,153,360,1192,Auto,1,173,395,17.23
Audi,Audi Model 132,2020,2021,1.7L,Petrol,3000,4,153,360,1192,Auto,2,193,430,15.44
Audi,Audi Model 132,2020,2021,1.7L,Petrol,3000,4,153,360,1192,Auto,3,213,465,13.99
Toyota,Toyota Model 67,2008,2013,4.2L,Petrol,1600,3,407,796,1744,DSG,0,407,796,10.71
Toyota,Toyota Model 67,2008,2013,4.2L,Petrol,1600,3,407,796,1744,DSG,1,427,831,10.21
Toyota,Toyota Model 67,2008,2013,4.2L,Petrol,1600,3,407,796,1744,DSG,2,447,866,9.75
Toyota,Toyota Model 67,2008,2013,4.2L,Petrol,1600,3,407,796,1744,DSG,3,467,901,9.34
Renault,Renault Model 8,2012,2017,2.6L,Electric,2500,6,87,161,1929,Auto,0,87,161,55.43
Renault,Renault Model 8,2012,2017,2.6L,Electric,2500,6,87,161,1929,Auto,1,107,196,45.07
Renault,Renault Model 8,2012,2017,2.6L,Electric,2500,6,87,161,1929,Auto,2,127,231,37.97
Renault,Renault Model 8,2012,2017,2.6L,Electric,2500,6,87,161,1929,Auto,3,147,266,32.81
Nissan,Nissan Model 33,2005,2008,4.8L,Petrol,2200,4,294,607,1163,DSG,0,294,607,9.89
Nissan,Nissan Model 33,2005,2008,4.8L,Petrol,2200,4,294,607,1163,DSG,1,314,642,9.26
Nissan,Nissan Model 33,2005,2008,4.8L,Petrol,2200,4,294,607,1163,DSG,2,334,677,8.71
Nissan,Nissan Model 33,2005,2008,4.8L,Petrol,2200,4,294,607,1163,DSG,3,354,712,8.21
Toyota,Toyota Model 80,2011,2014,4.1L,Petrol,1200,4,261,599,2429,Auto,0,261,599,23.27
Toyota,Toyota Model 80,2011,2014,4.1L,Petrol,1200,4,261,599,2429,Auto,1,281,634,21.61
Toyota,Toyota Model 80,2011,2014,4.1L,Petrol,1200,4,261,599,2429,Auto,2,301,669,20.17
Toyota,Toyota Model 80,2011,2014,4.1L,Petrol,1200,4,261,599,2429,Auto,3,321,704,18.92
Nissan,Nissan Model 19,2012,2017,1.7L,Hybrid,1800,6,442,893,1400,Auto,0,442,893,7.92
Nissan,Nissan Model 19,2012,2017,1.7L,Hybrid,1800,6,442,893,1400,Auto,1,462,928,7.58
Nissan,Nissan Model 19,2012,2017,1.7L,Hybrid,1800,6,442,893,1400,Auto,2,482,963,7.26
Nissan,Nissan Model 19,2012,2017,1.7L,Hybrid,1800,6,442,893,1400,Auto,3,502,998,6.97
Audi,Audi Model 73,2022,2023,2.3L,Diesel,1400,8,330,680,1222,Manual,0,330,680,9.26
Audi,Audi Model 73,2022,2023,2.3L,Diesel,1400,8,330,680,1222,Manual,1,350,715,8.73
Audi,Audi Model 73,2022,2023,2.3L,Diesel,1400,8,330,680,1222,Manual,2,370,750,8.26
Audi,Audi Model 73,2022,2023,2.3L,Diesel,1400,8,330,680,1222,Manual,3,390,785,7.83
Vauxhall,Vauxhall Model 63,2018,2023,4.6L,Petrol,1200,6,74,162,1520,Manual,0,74,162,51.35
Vauxhall,Vauxhall Model 63,2018,2023,4.6L,Petrol,1200,6,74,162,1520,Manual,1,94,197,40.43
Vauxhall,Vauxhall Model 63,2018,2023,4.6L,Petrol,1200,6,74,162,1520,Manual,2,114,232,33.33
Vauxhall,Vauxhall Model 63,2018,2023,4.6L,Petrol,1200,6,74,162,1520,Manual,3,134,267,28.36
Toyota,Toyota Model 178,2022,2023,4.1L,Electric,2200,6,177,435,1384,DSG,0,177,435,19.55
Toyota,Toyota Model 178,2022,2023,4.1L,Electric,2200,6,177,435,1384,DSG,1,197,470,17.56
Toyota,Toyota Model 178,2022,2023,4.1L,Electric,2200,6,177,435,1384,DSG,2,217,505,15.94
Toyota,Toyota Model 178,2022,2023,4.1L,Electric,2200,6,177,435,1384,DSG,3,237,540,14.6
Peugeot,Peugeot Model 174,2012,2015,3.8L,Hybrid,1400,6,336,668,1864,DSG,0,336,668,13.87
Peugeot,Peugeot Model 174,2012,2015,3.8L,Hybrid,1400,6,336,668,1864,DSG,1,356,703,13.09
Peugeot,Peugeot Model 174,2012,2015,3.8L,Hybrid,1400,6,336,668,1864,DSG,2,376,738,12.39
Peugeot,Peugeot Model 174,2012,2015,3.8L,Hybrid,1400,6,336,668,1864,DSG,3,396,773,11.77
Peugeot,Peugeot Model 6,2021,2023,2.8L,Petrol,2500,8,389,721,1797,DSG,0,389,721,11.55
Peugeot,Peugeot Model 6,2021,2023,2.8L,Petrol,2500,8,389,721,1797,DSG,1,409,756,10.98
Peugeot,Peugeot Model 6,2021,2023,2.8L,Petrol,2500,8,389,721,1797,DSG,2,429,791,10.47
Peugeot,Peugeot Model 6,2021,2023,2.8L,Petrol,2500,8,389,721,1797,DSG,3,449,826,10.01
Honda,Honda Model 111,2022,2023,2.7L,Electric,2500,6,375,803,2231,Auto,0,375,803,14.87
Honda,Honda Model 111,2022,2023,2.7L,Electric,2500,6,375,803,2231,Auto,1,395,838,14.12
Honda,Honda Model 111,2022,2023,2.7L,Electric,2500,6,375,803,2231,Auto,2,415,873,13.44
Honda,Honda Model 111,2022,2023,2.7L,Electric,2500,6,375,803,2231,Auto,3,435,908,12.82
Renault,Renault Model 44,2018,2023,4.9L,Petrol,1200,3,281,544,1356,Auto,0,281,544,12.06
Renault,Renault Model 44,2018,2023,4.9L,Petrol,1200,3,281,544,1356,Auto,1,301,579,11.26
Renault,Renault Model 44,2018,2023,4.9L,Petrol,1200,3,281,544,1356,Auto,2,321,614,10.56
Renault,Renault Model 44,2018,2023,4.9L,Petrol,1200,3,281,544,1356,Auto,3,341,649,9.94
Jaguar,Jaguar Model 58,2018,2023,5.0L,Hybrid,2200,4,284,664,1196,Auto,0,284,664,10.53
Jaguar,Jaguar Model 58,2018,2023,5.0L,Hybrid,2200,4,284,664,1196,Auto,1,304,699,9.84
Jaguar,Jaguar Model 58,2018,2023,5.0L,Hybrid,2200,4,284,664,1196,Auto,2,324,734,9.23
Jaguar,Jaguar Model 58,2018,2023,5.0L,Hybrid,2200,4,284,664,1196,Auto,3,344,769,8.69
Ford,Ford Model 94,2013,2017,3.5L,Hybrid,2000,8,437,1085,2478,Auto,0,437,1085,14.18
Ford,Ford Model 94,2013,2017,3.5L,Hybrid,2000,8,437,1085,2478,Auto,1,457,1120,13.56
Ford,Ford Model 94,2013,2017,3.5L,Hybrid,2000,8,437,1085,2478,Auto,2,477,1155,12.99
Ford,Ford Model 94,2013,2017,3.5L,Hybrid,2000,8,437,1085,2478,Auto,3,497,1190,12.46
Ford,Ford Model 141,2011,2015,2.5L,Diesel,1400,3,138,260,1332,Manual,0,138,260,24.13
Ford,Ford Model 141,2011,2015,2.5L,Diesel,1400,3,138,260,1332,Manual,1,158,295,21.08
Ford,Ford Model 141,2011,2015,2.5L,Diesel,1400,3,138,260,1332,Manual,2,178,330,18.71
Ford,Ford Model 141,2011,2015,2.5L,Diesel,1400,3,138,260,1332,Manual,3,198,365,16.82
Nissan,Nissan Model 74,2017,2017,1.5L,Hybrid,1400,8,203,442,2364,Manual,0,203,442,29.11
Nissan,Nissan Model 74,2017,2017,1.5L,Hybrid,1400,8,203,442,2364,Manual,1,223,477,26.5
Nissan,Nissan Model 74,2017,2017,1.5L,Hybrid,1400,8,203,442,2364,Manual,2,243,512,24.32
Nissan,Nissan Model 74,2017,2017,1.5L,Hybrid,1400,8,203,442,2364,Manual,3,263,547,22.47
Peugeot,Peugeot Model 69,2007,2007,3.9L,Electric,2500,6,313,621,1221,DSG,0,313,621,9.75
Peugeot,Peugeot Model 69,2007,2007,3.9L,Electric,2500,6,313,621,1221,DSG,1,333,656,9.17
Peugeot,Peugeot Model 69,2007,2007,3.9L,Electric,2500,6,313,621,1221,DSG,2,353,691,8.65
Peugeot,Peugeot Model 69,2007,2007,3.9L,Electric,2500,6,313,621,1221,DSG,3,373,726,8.18
Peugeot,Peugeot Model 26,2012,2014,4.0L,Diesel,3500,6,333,619,2324,Manual,0,333,619,17.45
Peugeot,Peugeot Model 26,2012,2014,4.0L,Diesel,3500,6,333,619,2324,Manual,1,353,654,16.46
Peugeot,Peugeot Model 26,2012,2014,4.0L,Diesel,3500,6,333,619,2324,Manual,2,373,689,15.58
Peugeot,Peugeot Model 26,2012,2014,4.0L,Diesel,3500,6,333,619,2324,Manual,3,393,724,14.78
Jaguar,Jaguar Model 121,2013,2014,2.6L,Electric,2200,3,249,519,1041,DSG,0,249,519,10.45
Jaguar,Jaguar Model 121,2013,2014,2.6L,Electric,2200,3,249,519,1041,DSG,1,269,554,9.67
Jaguar,Jaguar Model 121,2013,2014,2.6L,Electric,2200,3,249,519,1041,DSG,2,289,589,9.01
Jaguar,Jaguar Model 121,2013,2014,2.6L,Electric,2200,3,249,519,1041,DSG,3,309,624,8.42
Honda,Honda Model 76,2014,2016,2.4L,Hybrid,1600,8,374,866,1056,DSG,0,374,866,7.06
Honda,Honda Model 76,2014,2016,2.4L,Hybrid,1600,8,374,866,1056,DSG,1,394,901,6.7
Honda,Honda Model 76,2014,2016,2.4L,Hybrid,1600,8,374,866,1056,DSG,2,414,936,6.38
Honda,Honda Model 76,2014,2016,2.4L,Hybrid,1600,8,374,866,1056,DSG,3,434,971,6.08
Honda,Honda Model 13,2014,2016,3.3L,Hybrid,2500,4,167,371,2030,Auto,0,167,371,30.39
Honda,Honda Model 13,2014,2016,3.3L,Hybrid,2500,4,167,371,2030,Auto,1,187,406,27.14
Honda,Honda Model 13,2014,2016,3.3L,Hybrid,2500,4,167,371,2030,Auto,2,207,441,24.52
Honda,Honda Model 13,2014,2016,3.3L,Hybrid,2500,4,167,371,2030,Auto,3,227,476,22.36
VW,VW Model 155,2010,2012,2.8L,Diesel,3000,8,249,617,1189,Manual,0,249,617,11.94
VW,VW Model 155,2010,2012,2.8L,Diesel,3000,8,249,617,1189,Manual,1,269,652,11.05
VW,VW Model 155,2010,2012,2.8L,Diesel,3000,8,249,617,1189,Manual,2,289,687,10.29
VW,VW Model 155,2010,2012,2.8L,Diesel,3000,8,249,617,1189,Manual,3,309,722,9.62
Honda,Honda Model 1,2015,2019,2.0L,Hybrid,3000,4,214,423,2454,Manual,0,214,423,28.67
Honda,Honda Model 1,2015,2019,2.0L,Hybrid,3000,4,214,423,2454,Manual,1,234,458,26.22
Honda,Honda Model 1,2015,2019,2.0L,Hybrid,3000,4,214,423,2454,Manual,2,254,493,24.15
Honda,Honda Model 1,2015,2019,2.0L,Hybrid,3000,4,214,423,2454,Manual,3,274,528,22.39
BMW,BMW Model 15,2020,2023,1.9L,Hybrid,2000,6,268,591,1630,Manual,0,268,591,15.21
BMW,BMW Model 15,2020,2023,1.9L,Hybrid,2000,6,268,591,1630,Manual,1,288,626,14.15
BMW,BMW Model 15,2020,2023,1.9L,Hybrid,2000,6,268,591,1630,Manual,2,308,661,13.23
BMW,BMW Model 15,2020,2023,1.9L,Hybrid,2000,6,268,591,1630,Manual,3,328,696,12.42
Mercedes,Mercedes Model 87,2012,2015,3.1L,Hybrid,2500,4,242,552,1217,Auto,0,242,552,12.57
Mercedes,Mercedes Model 87,2012,2015,3.1L,Hybrid,2500,4,242,552,1217,Auto,1,262,587,11.61
Mercedes,Mercedes Model 87,2012,2015,3.1L,Hybrid,2500,4,242,552,1217,Auto,2,282,622,10.79
Mercedes,Mercedes Model 87,2012,2015,3.1L,Hybrid,2500,4,242,552,1217,Auto,3,302,657,10.07
Toyota,Toyota Model 137,2018,2018,4.7L,Diesel,1600,8,370,864,1693,Auto,0,370,864,11.44
Toyota,Toyota Model 137,2018,2018,4.7L,Diesel,1600,8,370,864,1693,Auto,1,390,899,10.85
Toyota,Toyota Model 137,2018,2018,4.7L,Diesel,1600,8,370,864,1693,Auto,2,410,934,10.32
Toyota,Toyota Model 137,2018,2018,4.7L,Diesel,1600,8,370,864,1693,Auto,3,430,969,9.84
BMW,BMW Model 51,2019,2021,2.2L,Petrol,1600,4,111,236,1342,DSG,0,111,236,30.23
BMW,BMW Model 51,2019,2021,2.2L,Petrol,1600,4,111,236,1342,DSG,1,131,271,25.61
BMW,BMW Model 51,2019,2021,2.2L,Petrol,1600,4,111,236,1342,DSG,2,151,306,22.22
BMW,BMW Model 51,2019,2021,2.2L,Petrol,1600,4,111,236,1342,DSG,3,171,341,19.62
Ford,Ford Model 14,2017,2022,1.2L,Diesel,3000,8,153,311,1477,Manual,0,153,311,24.13
Ford,Ford Model 14,2017,2022,1.2L,Diesel,3000,8,153,311,1477,Manual,1,173,346,21.34
Ford,Ford Model 14,2017,2022,1.2L,Diesel,3000,8,153,311,1477,Manual,2,193,381,19.13
Ford,Ford Model 14,2017,2022,1.2L,Diesel,3000,8,153,311,1477,Manual,3,213,416,17.34
Renault,Renault Model 156,2005,2008,3.7L,Petrol,2200,4,405,774,1586,DSG,0,405,774,9.79
Renault,Renault Model 156,2005,2008,3.7L,Petrol,2200,4,405,774,1586,DSG,1,425,809,9.33
Renault,Renault Model 156,2005,2008,3.7L,Petrol,2200,4,405,774,1586,DSG,2,445,844,8.91
Renault,Renault Model 156,2005,2008,3.7L,Petrol,2200,4,405,774,1586,DSG,3,465,879,8.53
Land Rover,Land Rover Model 130,2006,2008,4.0L,Petrol,1600,4,247,589,1955,Manual,0,247,589,19.79
Land Rover,Land Rover Model 130,2006,2008,4.0L,Petrol,1600,4,247,589,1955,Manual,1,267,624,18.31
Land Rover,Land Rover Model 130,2006,2008,4.0L,Petrol,1600,4,247,589,1955,Manual,2,287,659,17.03
Land Rover,Land Rover Model 130,2006,2008,4.0L,Petrol,1600,4,247,589,1955,Manual,3,307,694,15.92
Mercedes,Mercedes Model 64,2021,2021,3.3L,Hybrid,1600,8,256,606,2303,Auto,0,256,606,22.49
Mercedes,Mercedes Model 64,2021,2021,3.3L,Hybrid,1600,8,256,606,2303,Auto,1,276,641,20.86
Mercedes,Mercedes Model 64,2021,2021,3.3L,Hybrid,1600,8,256,606,2303,Auto,2,296,676,19.45
Mercedes,Mercedes Model 64,2021,2021,3.3L,Hybrid,1600,8,256,606,2303,Auto,3,316,711,18.22
Vauxhall,Vauxhall Model 62,2007,2010,3.0L,Electric,2500,6,257,509,1984,Auto,0,257,509,19.3
Vauxhall,Vauxhall Model 62,2007,2010,3.0L,Electric,2500,6,257,509,1984,Auto,1,277,544,17.91
Vauxhall,Vauxhall Model 62,2007,2010,3.0L,Electric,2500,6,257,509,1984,Auto,2,297,579,16.7
Vauxhall,Vauxhall Model 62,2007,2010,3.0L,Electric,2500,6,257,509,1984,Auto,3,317,614,15.65
Jaguar,Jaguar Model 189,2010,2011,2.1L,Petrol,1800,3,116,252,1714,DSG,0,116,252,36.94
Jaguar,Jaguar Model 189,2010,2011,2.1L,Petrol,1800,3,116,252,1714,DSG,1,136,287,31.51
Jaguar,Jaguar Model 189,2010,2011,2.1L,Petrol,1800,3,116,252,1714,DSG,2,156,322,27.47
Jaguar,Jaguar Model 189,2010,2011,2.1L,Petrol,1800,3,116,252,1714,DSG,3,176,357,24.35
Mini,Mini Model 50,2013,2015,2.7L,Petrol,1600,6,285,581,1554,DSG,0,285,581,13.63
Mini,Mini Model 50,2013,2015,2.7L,Petrol,1600,6,285,581,1554,DSG,1,305,616,12.74
Mini,Mini Model 50,2013,2015,2.7L,Petrol,1600,6,285,581,1554,DSG,2,325,651,11.95
Mini,Mini Model 50,2013,2015,2.7L,Petrol,1600,6,285,581,1554,DSG,3,345,686,11.26
Honda,Honda Model 15,2012,2012,3.4L,Electric,1800,4,398,723,1063,Manual,0,398,723,6.68
Honda,Honda Model 15,2012,2012,3.4L,Electric,1800,4,398,723,1063,Manual,1,418,758,6.36
Honda,Honda Model 15,2012,2012,3.4L,Electric,1800,4,398,723,1063,Manual,2,438,793,6.07
Honda,Honda Model 15,2012,2012,3.4L,Electric,1800,4,398,723,1063,Manual,3,458,828,5.8
Peugeot,Peugeot Model 134,2011,2015,1.1L,Hybrid,3000,8,143,264,2165,Manual,0,143,264,37.85
Peugeot,Peugeot Model 134,2011,2015,1.1L,Hybrid,3000,8,143,264,2165,Manual,1,163,299,33.21
Peugeot,Peugeot Model 134,2011,2015,1.1L,Hybrid,3000,8,143,264,2165,Manual,2,183,334,29.58
Peugeot,Peugeot Model 134,2011,2015,1.1L,Hybrid,3000,8,143,264,2165,Manual,3,203,369,26.66
Toyota,Toyota Model 111,2018,2018,2.4L,Diesel,2500,8,395,820,1313,Manual,0,395,820,8.31
Toyota,Toyota Model 111,2018,2018,2.4L,Diesel,2500,8,395,820,1313,Manual,1,415,855,7.91
Toyota,Toyota Model 111,2018,2018,2.4L,Diesel,2500,8,395,820,1313,Manual,2,435,890,7.55
Toyota,Toyota Model 111,2018,2018,2.4L,Diesel,2500,8,395,820,1313,Manual,3,455,925,7.21
Vauxhall,Vauxhall Model 134,2016,2017,2.6L,Diesel,3500,4,289,577,2301,Manual,0,289,577,19.9
Vauxhall,Vauxhall Model 134,2016,2017,2.6L,Diesel,3500,4,289,577,2301,Manual,1,309,612,18.62
Vauxhall,Vauxhall Model 134,2016,2017,2.6L,Diesel,3500,4,289,577,2301,Manual,2,329,647,17.48
Vauxhall,Vauxhall Model 134,2016,2017,2.6L,Diesel,3500,4,289,577,2301,Manual,3,349,682,16.48
Renault,Renault Model 17,2018,2019,4.5L,Petrol,1600,4,290,614,1654,DSG,0,290,614,14.26
Renault,Renault Model 17,2018,2019,4.5L,Petrol,1600,4,290,614,1654,DSG,1,310,649,13.34
Renault,Renault Model 17,2018,2019,4.5L,Petrol,1600,4,290,614,1654,DSG,2,330,684,12.53
Renault,Renault Model 17,2018,2019,4.5L,Petrol,1600,4,290,614,1654,DSG,3,350,719,11.81
Land Rover,Land Rover Model 65,2014,2015,3.8L,Diesel,3500,3,139,295,1260,Manual,0,139,295,22.66
Land Rover,Land Rover Model 65,2014,2015,3.8L,Diesel,3500,3,139,295,1260,Manual,1,159,330,19.81
Land Rover,Land Rover Model 65,2014,2015,3.8L,Diesel,3500,3,139,295,1260,Manual,2,179,365,17.6
Land Rover,Land Rover Model 65,2014,2015,3.8L,Diesel,3500,3,139,295,1260,Manual,3,199,400,15.83
Mercedes,Mercedes Model 3,2019,2019,3.3L,Hybrid,2000,6,301,574,1379,Auto,0,301,574,11.45
Mercedes,Mercedes Model 3,2019,2019,3.3L,Hybrid,2000,6,301,574,1379,Auto,1,321,609,10.74
Mercedes,Mercedes Model 3,2019,2019,3.3L,Hybrid,2000,6,301,574,1379,Auto,2,341,644,10.11
Mercedes,Mercedes Model 3,2019,2019,3.3L,Hybrid,2000,6,301,574,1379,Auto,3,361,679,9.55
Honda,Honda Model 160,2008,2012,3.6L,Diesel,1600,4,319,618,2238,Auto,0,319,618,17.54
Honda,Honda Model 160,2008,2012,3.6L,Diesel,1600,4,319,618,2238,Auto,1,339,653,16.5
Honda,Honda Model 160,2008,2012,3.6L,Diesel,1600,4,319,618,2238,Auto,2,359,688,15.58
Honda,Honda Model 160,2008,2012,3.6L,Diesel,1600,4,319,618,2238,Auto,3,379,723,14.76
Honda,Honda Model 140,2009,2012,2.5L,Electric,1600,6,426,854,1431,Manual,0,426,854,8.4
Honda,Honda Model 140,2009,2012,2.5L,Electric,1600,6,426,854,1431,Manual,1,446,889,8.02
Honda,Honda Model 140,2009,2012,2.5L,Electric,1600,6,426,854,1431,Manual,2,466,924,7.68
Honda,Honda Model 140,2009,2012,2.5L,Electric,1600,6,426,854,1431,Manual,3,486,959,7.36
Ford,Ford Model 144,2014,2016,2.5L,Hybrid,1400,3,274,668,1096,DSG,0,274,668,10.0
Ford,Ford Model 144,2014,2016,2.5L,Hybrid,1400,3,274,668,1096,DSG,1,294,703,9.32
Ford,Ford Model 144,2014,2016,2.5L,Hybrid,1400,3,274,668,1096,DSG,2,314,738,8.73
Ford,Ford Model 144,2014,2016,2.5L,Hybrid,1400,3,274,668,1096,DSG,3,334,773,8.2
Jaguar,Jaguar Model 24,2018,2023,4.6L,Hybrid,1800,8,339,666,2199,Auto,0,339,666,16.22
Jaguar,Jaguar Model 24,2018,2023,4.6L,Hybrid,1800,8,339,666,2199,Auto,1,359,701,15.31
Jaguar,Jaguar Model 24,2018,2023,4.6L,Hybrid,1800,8,339,666,2199,Auto,2,379,736,14.51
Jaguar,Jaguar Model 24,2018,2023,4.6L,Hybrid,1800,8,339,666,2199,Auto,3,399,771,13.78
VW,VW Model 54,2018,2020,4.1L,Petrol,2000,6,281,555,2350,Manual,0,281,555,20.91
VW,VW Model 54,2018,2020,4.1L,Petrol,2000,6,281,555,2350,Manual,1,301,590,19.52
VW,VW Model 54,2018,2020,4.1L,Petrol,2000,6,281,555,2350,Manual,2,321,625,18.3
VW,VW Model 54,2018,2020,4.1L,Petrol,2000,6,281,555,2350,Manual,3,341,660,17.23
Vauxhall,Vauxhall Model 156,2021,2025,4.8L,Petrol,1200,8,344,675,2116,Auto,0,344,675,15.38
Vauxhall,Vauxhall Model 156,2021,2025,4.8L,Petrol,1200,8,344,675,2116,Auto,1,364,710,14.53
Vauxhall,Vauxhall Model 156,2021,2025,4.8L,Petrol,1200,8,344,675,2116,Auto,2,384,745,13.78
Vauxhall,Vauxhall Model 156,2021,2025,4.8L,Petrol,1200,8,344,675,2116,Auto,3,404,780,13.09
Audi,Audi Model 175,2014,2015,1.9L,Electric,1600,6,367,818,2174,Auto,0,367,818,14.81
Audi,Audi Model 175,2014,2015,1.9L,Electric,1600,6,367,818,2174,Auto,1,387,853,14.04
Audi,Audi Model 175,2014,2015,1.9L,Electric,1600,6,367,818,2174,Auto,2,407,888,13.35
Audi,Audi Model 175,2014,2015,1.9L,Electric,1600,6,367,818,2174,Auto,3,427,923,12.73
Honda,Honda Model 81,2016,2016,1.8L,Petrol,1400,6,183,396,1220,DSG,0,183,396,16.67
Honda,Honda Model 81,2016,2016,1.8L,Petrol,1400,6,183,396,1220,DSG,1,203,431,15.02
Honda,Honda Model 81,2016,2016,1.8L,Petrol,1400,6,183,396,1220,DSG,2,223,466,13.68
Honda,Honda Model 81,2016,2016,1.8L,Petrol,1400,6,183,396,1220,DSG,3,243,501,12.55
Mini,Mini Model 12,2010,2010,2.6L,Hybrid,1400,8,401,749,1835,DSG,0,401,749,11.44
Mini,Mini Model 12,2010,2010,2.6L,Hybrid,1400,8,401,749,1835,DSG,1,421,784,10.9
Mini,Mini Model 12,2010,2010,2.6L,Hybrid,1400,8,401,749,1835,DSG,2,441,819,10.4
Mini,Mini Model 12,2010,2010,2.6L,Hybrid,1400,8,401,749,1835,DSG,3,461,854,9.95
Nissan,Nissan Model 95,2022,2023,5.0L,Hybrid,1400,6,85,182,1930,Manual,0,85,182,56.76
Nissan,Nissan Model 95,2022,2023,5.0L,Hybrid,1400,6,85,182,1930,Manual,1,105,217,45.95
Nissan,Nissan Model 95,2022,2023,5.0L,Hybrid,1400,6,85,182,1930,Manual,2,125,252,38.6
Nissan,Nissan Model 95,2022,2023,5.0L,Hybrid,1400,6,85,182,1930,Manual,3,145,287,33.28
Vauxhall,Vauxhall Model 112,2012,2012,2.1L,Petrol,1600,4,305,710,1803,Auto,0,305,710,14.78
Vauxhall,Vauxhall Model 112,2012,2012,2.1L,Petrol,1600,4,305,710,1803,Auto,1,325,745,13.87
Vauxhall,Vauxhall Model 112,2012,2012,2.1L,Petrol,1600,4,305,710,1803,Auto,2,345,780,13.07
Vauxhall,Vauxhall Model 112,2012,2012,2.1L,Petrol,1600,4,305,710,1803,Auto,3,365,815,12.35
Mini,Mini Model 101,2017,2019,2.3L,Diesel,2500,3,142,288,1298,Auto,0,142,288,22.85
Mini,Mini Model 101,2017,2019,2.3L,Diesel,2500,3,142,288,1298,Auto,1,162,323,20.03
Mini,Mini Model 101,2017,2019,2.3L,Diesel,2500,3,142,288,1298,Auto,2,182,358,17.83
Mini,Mini Model 101,2017,2019,2.3L,Diesel,2500,3,142,288,1298,Auto,3,202,393,16.06
Peugeot,Peugeot Model 82,2010,2012,2.3L,Hybrid,2500,6,395,946,1025,Manual,0,395,946,6.49
Peugeot,Peugeot Model 82,2010,2012,2.3L,Hybrid,2500,6,395,946,1025,Manual,1,415,981,6.17
Peugeot,Peugeot Model 82,2010,2012,2.3L,Hybrid,2500,6,395,946,1025,Manual,2,435,1016,5.89
Peugeot,Peugeot Model 82,2010,2012,2.3L,Hybrid,2500,6,395,946,1025,Manual,3,455,1051,5.63
Renault,Renault Model 49,2018,2022,1.8L,Diesel,2000,6,90,190,1845,Manual,0,90,190,51.25
Renault,Renault Model 49,2018,2022,1.8L,Diesel,2000,6,90,190,1845,Manual,1,110,225,41.93
Renault,Renault Model 49,2018,2022,1.8L,Diesel,2000,6,90,190,1845,Manual,2,130,260,35.48
Renault,Renault Model 49,2018,2022,1.8L,Diesel,2000,6,90,190,1845,Manual,3,150,295,30.75
Peugeot,Peugeot Model 51,2005,2010,1.2L,Petrol,1400,8,151,343,1989,Auto,0,151,343,32.93
Peugeot,Peugeot Model 51,2005,2010,1.2L,Petrol,1400,8,151,343,1989,Auto,1,171,378,29.08
Peugeot,Peugeot Model 51,2005,2010,1.2L,Petrol,1400,8,151,343,1989,Auto,2,191,413,26.03
Peugeot,Peugeot Model 51,2005,2010,1.2L,Petrol,1400,8,151,343,1989,Auto,3,211,448,23.57
Jaguar,Jaguar Model 152,2019,2022,3.6L,Electric,1400,4,183,416,1947,DSG,0,183,416,26.6
Jaguar,Jaguar Model 152,2019,2022,3.6L,Electric,1400,4,183,416,1947,DSG,1,203,451,23.98
Jaguar,Jaguar Model 152,2019,2022,3.6L,Electric,1400,4,183,416,1947,DSG,2,223,486,21.83
Jaguar,Jaguar Model 152,2019,2022,3.6L,Electric,1400,4,183,416,1947,DSG,3,243,521,20.03
Jaguar,Jaguar Model 129,2022,2026,4.8L,Electric,1200,6,432,1048,1012,Manual,0,432,1048,5.86
Jaguar,Jaguar Model 129,2022,2026,4.8L,Electric,1200,6,432,1048,1012,Manual,1,452,1083,5.6
Jaguar,Jaguar Model 129,2022,2026,4.8L,Electric,1200,6,432,1048,1012,Manual,2,472,1118,5.36
Jaguar,Jaguar Model 129,2022,2026,4.8L,Electric,1200,6,432,1048,1012,Manual,3,492,1153,5.14
Peugeot,Peugeot Model 165,2007,2007,2.6L,Hybrid,1800,6,403,818,1750,Auto,0,403,818,10.86
Peugeot,Peugeot Model 165,2007,2007,2.6L,Hybrid,1800,6,403,818,1750,Auto,1,423,853,10.34
Peugeot,Peugeot Model 165,2007,2007,2.6L,Hybrid,1800,6,403,818,1750,Auto,2,443,888,9.88
Peugeot,Peugeot Model 165,2007,2007,2.6L,Hybrid,1800,6,403,818,1750,Auto,3,463,923,9.45
Renault,Renault Model 48,2019,2021,4.8L,Petrol,1200,4,101,203,2090,Auto,0,101,203,51.73
Renault,Renault Model 48,2019,2021,4.8L,Petrol,1200,4,101,203,2090,Auto,1,121,238,43.18
Renault,Renault Model 48,2019,2021,4.8L,Petrol,1200,4,101,203,2090,Auto,2,141,273,37.06
Renault,Renault Model 48,2019,2021,4.8L,Petrol,1200,4,101,203,2090,Auto,3,161,308,32.45
Nissan,Nissan Model 38,2010,2013,2.9L,Petrol,2000,8,74,163,2432,DSG,0,74,163,82.16
Nissan,Nissan Model 38,2010,2013,2.9L,Petrol,2000,8,74,163,2432,DSG,1,94,198,64.68
Nissan,Nissan Model 38,2010,2013,2.9L,Petrol,2000,8,74,163,2432,DSG,2,114,233,53.33
Nissan,Nissan Model 38,2010,2013,2.9L,Petrol,2000,8,74,163,2432,DSG,3,134,268,45.37
BMW,BMW Model 107,2015,2017,3.6L,Electric,2200,4,326,608,1795,Auto,0,326,608,13.77
BMW,BMW Model 107,2015,2017,3.6L,Electric,2200,4,326,608,1795,Auto,1,346,643,12.97
BMW,BMW Model 107,2015,2017,3.6L,Electric,2200,4,326,608,1795,Auto,2,366,678,12.26
BMW,BMW Model 107,2015,2017,3.6L,Electric,2200,4,326,608,1795,Auto,3,386,713,11.63
Ford,Ford Model 105,2005,2008,3.6L,Hybrid,1600,6,92,166,2224,DSG,0,92,166,60.43
Ford,Ford Model 105,2005,2008,3.6L,Hybrid,1600,6,92,166,2224,DSG,1,112,201,49.64
Ford,Ford Model 105,2005,2008,3.6L,Hybrid,1600,6,92,166,2224,DSG,2,132,236,42.12
Ford,Ford Model 105,2005,2008,3.6L,Hybrid,1600,6,92,166,2224,DSG,3,152,271,36.58
VW,VW Model 89,2020,2024,2.2L,Hybrid,3000,3,121,239,1677,Manual,0,121,239,34.65
VW,VW Model 89,2020,2024,2.2L,Hybrid,3000,3,121,239,1677,Manual,1,141,274,29.73
VW,VW Model 89,2020,2024,2.2L,Hybrid,3000,3,121,239,1677,Manual,2,161,309,26.04
VW,VW Model 89,2020,2024,2.2L,Hybrid,3000,3,121,239,1677,Manual,3,181,344,23.16
VW,VW Model 188,2018,2022,1.2L,Hybrid,2500,8,182,333,1072,Manual,0,182,333,14.73
VW,VW Model 188,2018,2022,1.2L,Hybrid,2500,8,182,333,1072,Manual,1,202,368,13.27
VW,VW Model 188,2018,2022,1.2L,Hybrid,2500,8,182,333,1072,Manual,2,222,403,12.07
VW,VW Model 188,2018,2022,1.2L,Hybrid,2500,8,182,333,1072,Manual,3,242,438,11.07
Mercedes,Mercedes Model 9,2014,2015,1.6L,Electric,3000,8,423,983,1587,Auto,0,423,983,9.38
Mercedes,Mercedes Model 9,2014,2015,1.6L,Electric,3000,8,423,983,1587,Auto,1,443,1018,8.96
Mercedes,Mercedes Model 9,2014,2015,1.6L,Electric,3000,8,423,983,1587,Auto,2,463,1053,8.57
Mercedes,Mercedes Model 9,2014,2015,1.6L,Electric,3000,8,423,983,1587,Auto,3,483,1088,8.21
Vauxhall,Vauxhall Model 27,2009,2014,1.3L,Hybrid,3000,6,418,773,2102,Manual,0,418,773,12.57
Vauxhall,Vauxhall Model 27,2009,2014,1.3L,Hybrid,3000,6,418,773,2102,Manual,1,438,808,12.0
Vauxhall,Vauxhall Model 27,2009,2014,1.3L,Hybrid,3000,6,418,773,2102,Manual,2,458,843,11.47
Vauxhall,Vauxhall Model 27,2009,2014,1.3L,Hybrid,3000,6,418,773,2102,Manual,3,478,878,10.99
BMW,BMW Model 174,2005,2005,2.1L,Electric,3500,3,377,840,1784,Manual,0,377,840,11.83
BMW,BMW Model 174,2005,2005,2.1L,Electric,3500,3,377,840,1784,Manual,1,397,875,11.23
BMW,BMW Model 174,2005,2005,2.1L,Electric,3500,3,377,840,1784,Manual,2,417,910,10.7
BMW,BMW Model 174,2005,2005,2.1L,Electric,3500,3,377,840,1784,Manual,3,437,945,10.21
Ford,Ford Model 106,2018,2021,3.4L,Electric,1400,6,85,187,1820,DSG,0,85,187,53.53
Ford,Ford Model 106,2018,2021,3.4L,Electric,1400,6,85,187,1820,DSG,1,105,222,43.33
Ford,Ford Model 106,2018,2021,3.4L,Electric,1400,6,85,187,1820,DSG,2,125,257,36.4
Ford,Ford Model 106,2018,2021,3.4L,Electric,1400,6,85,187,1820,DSG,3,145,292,31.38
Honda,Honda Model 6,2018,2019,3.9L,Hybrid,2000,8,217,535,2427,DSG,0,217,535,27.96
Honda,Honda Model 6,2018,2019,3.9L,Hybrid,2000,8,217,535,2427,DSG,1,237,570,25.6
Honda,Honda Model 6,2018,2019,3.9L,Hybrid,2000,8,217,535,2427,DSG,2,257,605,23.61
Honda,Honda Model 6,2018,2019,3.9L,Hybrid,2000,8,217,535,2427,DSG,3,277,640,21.9
Peugeot,Peugeot Model 175,2008,2010,4.3L,Electric,2500,8,106,239,1130,DSG,0,106,239,26.65
Peugeot,Peugeot Model 175,2008,2010,4.3L,Electric,2500,8,106,239,1130,DSG,1,126,274,22.42
Peugeot,Peugeot Model 175,2008,2010,4.3L,Electric,2500,8,106,239,1130,DSG,2,146,309,19.35
Peugeot,Peugeot Model 175,2008,2010,4.3L,Electric,2500,8,106,239,1130,DSG,3,166,344,17.02
Mercedes,Mercedes Model 139,2016,2019,2.0L,Electric,1200,4,306,733,1390,Manual,0,306,733,11.36
Mercedes,Mercedes Model 139,2016,2019,2.0L,Electric,1200,4,306,733,1390,Manual,1,326,768,10.66
Mercedes,Mercedes Model 139,2016,2019,2.0L,Electric,1200,4,306,733,1390,Manual,2,346,803,10.04
Mercedes,Mercedes Model 139,2016,2019,2.0L,Electric,1200,4,306,733,1390,Manual,3,366,838,9.49
Nissan,Nissan Model 7,2009,2009,3.9L,Diesel,2500,4,277,550,1101,Manual,0,277,550,9.94
Nissan,Nissan Model 7,2009,2009,3.9L,Diesel,2500,4,277,550,1101,Manual,1,297,585,9.27
Nissan,Nissan Model 7,2009,2009,3.9L,Diesel,2500,4,277,550,1101,Manual,2,317,620,8.68
Nissan,Nissan Model 7,2009,2009,3.9L,Diesel,2500,4,277,550,1101,Manual,3,337,655,8.17
Audi,Audi Model 116,2012,2017,1.6L,Hybrid,1400,8,433,873,2271,DSG,0,433,873,13.11
Audi,Audi Model 116,2012,2017,1.6L,Hybrid,1400,8,433,873,2271,DSG,1,453,908,12.53
Audi,Audi Model 116,2012,2017,1.6L,Hybrid,1400,8,433,873,2271,DSG,2,473,943,12.0
Audi,Audi Model 116,2012,2017,1.6L,Hybrid,1400,8,433,873,2271,DSG,3,493,978,11.52
Toyota,Toyota Model 33,2008,2013,4.4L,Petrol,3500,4,434,827,2306,DSG,0,434,827,13.28
Toyota,Toyota Model 33,2008,2013,4.4L,Petrol,3500,4,434,827,2306,DSG,1,454,862,12.7
Toyota,Toyota Model 33,2008,2013,4.4L,Petrol,3500,4,434,827,2306,DSG,2,474,897,12.16
Toyota,Toyota Model 33,2008,2013,4.4L,Petrol,3500,4,434,827,2306,DSG,3,494,932,11.67
Audi,Audi Model 85,2022,2026,2.8L,Hybrid,2500,6,159,304,1176,Auto,0,159,304,18.49
Audi,Audi Model 85,2022,2026,2.8L,Hybrid,2500,6,159,304,1176,Auto,1,179,339,16.42
Audi,Audi Model 85,2022,2026,2.8L,Hybrid,2500,6,159,304,1176,Auto,2,199,374,14.77
Audi,Audi Model 85,2022,2026,2.8L,Hybrid,2500,6,159,304,1176,Auto,3,219,409,13.42
Mercedes,Mercedes Model 22,2008,2010,3.7L,Hybrid,3000,4,409,840,1211,DSG,0,409,840,7.4
Mercedes,Mercedes Model 22,2008,2010,3.7L,Hybrid,3000,4,409,840,1211,DSG,1,429,875,7.06
Mercedes,Mercedes Model 22,2008,2010,3.7L,Hybrid,3000,4,409,840,1211,DSG,2,449,910,6.74
Mercedes,Mercedes Model 22,2008,2010,3.7L,Hybrid,3000,4,409,840,1211,DSG,3,469,945,6.46
BMW,BMW Model 191,2019,2021,2.3L,Electric,2000,6,288,583,1220,DSG,0,288,583,10.59
BMW,BMW Model 191,2019,2021,2.3L,Electric,2000,6,288,583,1220,DSG,1,308,618,9.9
BMW,BMW Model 191,2019,2021,2.3L,Electric,2000,6,288,583,1220,DSG,2,328,653,9.3
BMW,BMW Model 191,2019,2021,2.3L,Electric,2000,6,288,583,1220,DSG,3,348,688,8.76
Land Rover,Land Rover Model 85,2014,2015,1.5L,Petrol,2500,4,297,537,1687,Auto,0,297,537,14.2
Land Rover,Land Rover Model 85,2014,2015,1.5L,Petrol,2500,4,297,537,1687,Auto,1,317,572,13.3
Land Rover,Land Rover Model 85,2014,2015,1.5L,Petrol,2500,4,297,537,1687,Auto,2,337,607,12.51
Land Rover,Land Rover Model 85,2014,2015,1.5L,Petrol,2500,4,297,537,1687,Auto,3,357,642,11.81
Honda,Honda Model 159,2007,2010,3.5L,Hybrid,1200,8,324,771,2064,Manual,0,324,771,15.93
Honda,Honda Model 159,2007,2010,3.5L,Hybrid,1200,8,324,771,2064,Manual,1,344,806,15.0
Honda,Honda Model 159,2007,2010,3.5L,Hybrid,1200,8,324,771,2064,Manual,2,364,841,14.18
Honda,Honda Model 159,2007,2010,3.5L,Hybrid,1200,8,324,771,2064,Manual,3,384,876,13.44
Land Rover,Land Rover Model 6,2012,2013,1.7L,Diesel,1800,4,350,830,1191,DSG,0,350,830,8.51
Land Rover,Land Rover Model 6,2012,2013,1.7L,Diesel,1800,4,350,830,1191,DSG,1,370,865,8.05
Land Rover,Land Rover Model 6,2012,2013,1.7L,Diesel,1800,4,350,830,1191,DSG,2,390,900,7.63
Land Rover,Land Rover Model 6,2012,2013,1.7L,Diesel,1800,4,350,830,1191,DSG,3,410,935,7.26
Toyota,Toyota Model 112,2009,2010,2.5L,Petrol,1600,3,443,846,1235,DSG,0,443,846,6.97
Toyota,Toyota Model 112,2009,2010,2.5L,Petrol,1600,3,443,846,1235,DSG,1,463,881,6.67
Toyota,Toyota Model 112,2009,2010,2.5L,Petrol,1600,3,443,846,1235,DSG,2,483,916,6.39
Toyota,Toyota Model 112,2009,2010,2.5L,Petrol,1600,3,443,846,1235,DSG,3,503,951,6.14
BMW,BMW Model 4,2013,2016,1.9L,Electric,3000,6,224,408,1298,DSG,0,224,408,14.49
BMW,BMW Model 4,2013,2016,1.9L,Electric,3000,6,224,408,1298,DSG,1,244,443,13.3
BMW,BMW Model 4,2013,2016,1.9L,Electric,3000,6,224,408,1298,DSG,2,264,478,12.29
BMW,BMW Model 4,2013,2016,1.9L,Electric,3000,6,224,408,1298,DSG,3,284,513,11.43
Honda,Honda Model 130,2018,2020,4.3L,Electric,3000,3,107,205,1811,DSG,0,107,205,42.31
Honda,Honda Model 130,2018,2020,4.3L,Electric,3000,3,107,205,1811,DSG,1,127,240,35.65
Honda,Honda Model 130,2018,2020,4.3L,Electric,3000,3,107,205,1811,DSG,2,147,275,30.8
Honda,Honda Model 130,2018,2020,4.3L,Electric,3000,3,107,205,1811,DSG,3,167,310,27.11
Mercedes,Mercedes Model 30,2018,2022,2.2L,Diesel,1400,4,212,387,1060,DSG,0,212,387,12.5
Mercedes,Mercedes Model 30,2018,2022,2.2L,Diesel,1400,4,212,387,1060,DSG,1,232,422,11.42
Mercedes,Mercedes Model 30,2018,2022,2.2L,Diesel,1400,4,212,387,1060,DSG,2,252,457,10.52
Mercedes,Mercedes Model 30,2018,2022,2.2L,Diesel,1400,4,212,387,1060,DSG,3,272,492,9.74
Mercedes,Mercedes Model 100,2016,2019,2.6L,Hybrid,1600,3,358,663,1757,DSG,0,358,663,12.27
Mercedes,Mercedes Model 100,2016,2019,2.6L,Hybrid,1600,3,358,663,1757,DSG,1,378,698,11.62
Mercedes,Mercedes Model 100,2016,2019,2.6L,Hybrid,1600,3,358,663,1757,DSG,2,398,733,11.04
Mercedes,Mercedes Model 100,2016,2019,2.6L,Hybrid,1600,3,358,663,1757,DSG,3,418,768,10.51
BMW,BMW Model 178,2013,2018,4.1L,Electric,1600,4,428,946,1023,Auto,0,428,946,5.98
BMW,BMW Model 178,2013,2018,4.1L,Electric,1600,4,428,946,1023,Auto,1,448,981,5.71
BMW,BMW Model 178,2013,2018,4.1L,Electric,1600,4,428,946,1023,Auto,2,468,1016,5.46
BMW,BMW Model 178,2013,2018,4.1L,Electric,1600,4,428,946,1023,Auto,3,488,1051,5.24
Ford,Ford Model 41,2015,2018,3.2L,Electric,1600,6,316,726,1736,DSG,0,316,726,13.73
Ford,Ford Model 41,2015,2018,3.2L,Electric,1600,6,316,726,1736,DSG,1,336,761,12.92
Ford,Ford Model 41,2015,2018,3.2L,Electric,1600,6,316,726,1736,DSG,2,356,796,12.19
Ford,Ford Model 41,2015,2018,3.2L,Electric,1600,6,316,726,1736,DSG,3,376,831,11.54
Mercedes,Mercedes Model 51,2009,2011,1.9L,Diesel,3000,8,405,759,1237,DSG,0,405,759,7.64
Mercedes,Mercedes Model 51,2009,2011,1.9L,Diesel,3000,8,405,759,1237,DSG,1,425,794,7.28
Mercedes,Mercedes Model 51,2009,2011,1.9L,Diesel,3000,8,405,759,1237,DSG,2,445,829,6.95
Mercedes,Mercedes Model 51,2009,2011,1.9L,Diesel,3000,8,405,759,1237,DSG,3,465,864,6.65
Mini,Mini Model 31,2021,2021,3.9L,Petrol,2200,6,148,320,1080,Auto,0,148,320,18.24
Mini,Mini Model 31,2021,2021,3.9L,Petrol,2200,6,148,320,1080,Auto,1,168,355,16.07
Mini,Mini Model 31,2021,2021,3.9L,Petrol,2200,6,148,320,1080,Auto,2,188,390,14.36
Mini,Mini Model 31,2021,2021,3.9L,Petrol,2200,6,148,320,1080,Auto,3,208,425,12.98
Land Rover,Land Rover Model 27,2014,2019,1.3L,Hybrid,3000,3,115,241,1136,Manual,0,115,241,24.7
Land Rover,Land Rover Model 27,2014,2019,1.3L,Hybrid,3000,3,115,241,1136,Manual,1,135,276,21.04
Land Rover,Land Rover Model 27,2014,2019,1.3L,Hybrid,3000,3,115,241,1136,Manual,2,155,311,18.32
Land Rover,Land Rover Model 27,2014,2019,1.3L,Hybrid,3000,3,115,241,1136,Manual,3,175,346,16.23
Nissan,Nissan Model 100,2005,2006,1.7L,Diesel,1800,3,83,183,2478,Manual,0,83,183,74.64
Nissan,Nissan Model 100,2005,2006,1.7L,Diesel,1800,3,83,183,2478,Manual,1,103,218,60.15
Nissan,Nissan Model 100,2005,2006,1.7L,Diesel,1800,3,83,183,2478,Manual,2,123,253,50.37
Nissan,Nissan Model 100,2005,2006,1.7L,Diesel,1800,3,83,183,2478,Manual,3,143,288,43.32
Renault,Renault Model 200,2017,2017,4.0L,Petrol,1800,3,93,174,1561,Manual,0,93,174,41.96
Renault,Renault Model 200,2017,2017,4.0L,Petrol,1800,3,93,174,1561,Manual,1,113,209,34.54
Renault,Renault Model 200,2017,2017,4.0L,Petrol,1800,3,93,174,1561,Manual,2,133,244,29.34
Renault,Renault Model 200,2017,2017,4.0L,Petrol,1800,3,93,174,1561,Manual,3,153,279,25.51
VW,VW Model 113,2006,2008,4.1L,Petrol,2000,6,387,772,1986,Auto,0,387,772,12.83
VW,VW Model 113,2006,2008,4.1L,Petrol,2000,6,387,772,1986,Auto,1,407,807,12.2
VW,VW Model 113,2006,2008,4.1L,Petrol,2000,6,387,772,1986,Auto,2,427,842,11.63
VW,VW Model 113,2006,2008,4.1L,Petrol,2000,6,387,772,1986,Auto,3,447,877,11.11
VW,VW Model 169,2014,2019,2.6L,Hybrid,2200,8,126,247,2077,DSG,0,126,247,41.21
VW,VW Model 169,2014,2019,2.6L,Hybrid,2200,8,126,247,2077,DSG,1,146,282,35.57
VW,VW Model 169,2014,2019,2.6L,Hybrid,2200,8,126,247,2077,DSG,2,166,317,31.28
VW,VW Model 169,2014,2019,2.6L,Hybrid,2200,8,126,247,2077,DSG,3,186,352,27.92
Land Rover,Land Rover Model 194,2009,2014,1.3L,Hybrid,1800,3,279,620,1531,DSG,0,279,620,13.72
Land Rover,Land Rover Model 194,2009,2014,1.3L,Hybrid,1800,3,279,620,1531,DSG,1,299,655,12.8
Land Rover,Land Rover Model 194,2009,2014,1.3L,Hybrid,1800,3,279,620,1531,DSG,2,319,690,12.0
Land Rover,Land Rover Model 194,2009,2014,1.3L,Hybrid,1800,3,279,620,1531,DSG,3,339,725,11.29
Ford,Ford Model 100,2022,2027,3.7L,Electric,2200,6,389,881,2116,Manual,0,389,881,13.6
Ford,Ford Model 100,2022,2027,3.7L,Electric,2200,6,389,881,2116,Manual,1,409,916,12.93
Ford,Ford Model 100,2022,2027,3.7L,Electric,2200,6,389,881,2116,Manual,2,429,951,12.33
Ford,Ford Model 100,2022,2027,3.7L,Electric,2200,6,389,881,2116,Manual,3,449,986,11.78
Peugeot,Peugeot Model 94,2006,2008,1.3L,Petrol,3000,4,160,353,1905,Manual,0,160,353,29.77
Peugeot,Peugeot Model 94,2006,2008,1.3L,Petrol,3000,4,160,353,1905,Manual,1,180,388,26.46
Peugeot,Peugeot Model 94,2006,2008,1.3L,Petrol,3000,4,160,353,1905,Manual,2,200,423,23.81
Peugeot,Peugeot Model 94,2006,2008,1.3L,Petrol,3000,4,160,353,1905,Manual,3,220,458,21.65
Land Rover,Land Rover Model 76,2017,2019,2.8L,Hybrid,2500,6,294,706,2256,Manual,0,294,706,19.18
Land Rover,Land Rover Model 76,2017,2019,2.8L,Hybrid,2500,6,294,706,2256,Manual,1,314,741,17.96
Land Rover,Land Rover Model 76,2017,2019,2.8L,Hybrid,2500,6,294,706,2256,Manual,2,334,776,16.89
Land Rover,Land Rover Model 76,2017,2019,2.8L,Hybrid,2500,6,294,706,2256,Manual,3,354,811,15.93
Nissan,Nissan Model 127,2021,2023,3.5L,Hybrid,1400,4,318,621,1273,Auto,0,318,621,10.01
Nissan,Nissan Model 127,2021,2023,3.5L,Hybrid,1400,4,318,621,1273,Auto,1,338,656,9.42
Nissan,Nissan Model 127,2021,2023,3.5L,Hybrid,1400,4,318,621,1273,Auto,2,358,691,8.89
Nissan,Nissan Model 127,2021,2023,3.5L,Hybrid,1400,4,318,621,1273,Auto,3,378,726,8.42
Mercedes,Mercedes Model 7,2015,2020,4.3L,Electric,2200,6,291,606,1627,Manual,0,291,606,13.98
Mercedes,Mercedes Model 7,2015,2020,4.3L,Electric,2200,6,291,606,1627,Manual,1,311,641,13.08
Mercedes,Mercedes Model 7,2015,2020,4.3L,Electric,2200,6,291,606,1627,Manual,2,331,676,12.29
Mercedes,Mercedes Model 7,2015,2020,4.3L,Electric,2200,6,291,606,1627,Manual,3,351,711,11.59
Audi,Audi Model 103,2007,2009,3.5L,Diesel,3500,6,342,638,1727,DSG,0,342,638,12.62
Audi,Audi Model 103,2007,2009,3.5L,Diesel,3500,6,342,638,1727,DSG,1,362,673,11.93
Audi,Audi Model 103,2007,2009,3.5L,Diesel,3500,6,342,638,1727,DSG,2,382,708,11.3
Audi,Audi Model 103,2007,2009,3.5L,Diesel,3500,6,342,638,1727,DSG,3,402,743,10.74
Vauxhall,Vauxhall Model 116,2005,2007,2.2L,Diesel,1600,4,440,971,1780,Auto,0,440,971,10.11
Vauxhall,Vauxhall Model 116,2005,2007,2.2L,Diesel,1600,4,440,971,1780,Auto,1,460,1006,9.67
Vauxhall,Vauxhall Model 116,2005,2007,2.2L,Diesel,1600,4,440,971,1780,Auto,2,480,1041,9.27
Vauxhall,Vauxhall Model 116,2005,2007,2.2L,Diesel,1600,4,440,971,1780,Auto,3,500,1076,8.9
Jaguar,Jaguar Model 52,2009,2011,3.1L,Hybrid,1400,3,127,273,1708,DSG,0,127,273,33.62
Jaguar,Jaguar Model 52,2009,2011,3.1L,Hybrid,1400,3,127,273,1708,DSG,1,147,308,29.05
Jaguar,Jaguar Model 52,2009,2011,3.1L,Hybrid,1400,3,127,273,1708,DSG,2,167,343,25.57
Jaguar,Jaguar Model 52,2009,2011,3.1L,Hybrid,1400,3,127,273,1708,DSG,3,187,378,22.83
Nissan,Nissan Model 81,2015,2015,4.2L,Petrol,2000,8,426,848,2443,Auto,0,426,848,14.34
Nissan,Nissan Model 81,2015,2015,4.2L,Petrol,2000,8,426,848,2443,Auto,1,446,883,13.69
Nissan,Nissan Model 81,2015,2015,4.2L,Petrol,2000,8,426,848,2443,Auto,2,466,918,13.11
Nissan,Nissan Model 81,2015,2015,4.2L,Petrol,2000,8,426,848,2443,Auto,3,486,953,12.57
Renault,Renault Model 189,2012,2013,3.0L,Diesel,2000,3,185,362,1991,Manual,0,185,362,26.91
Renault,Renault Model 189,2012,2013,3.0L,Diesel,2000,3,185,362,1991,Manual,1,205,397,24.28
Renault,Renault Model 189,2012,2013,3.0L,Diesel,2000,3,185,362,1991,Manual,2,225,432,22.12
Renault,Renault Model 189,2012,2013,3.0L,Diesel,2000,3,185,362,1991,Manual,3,245,467,20.32
Audi,Audi Model 62,2016,2017,4.8L,Petrol,3000,3,136,329,2069,Manual,0,136,329,38.03
Audi,Audi Model 62,2016,2017,4.8L,Petrol,3000,3,136,329,2069,Manual,1,156,364,33.16
Audi,Audi Model 62,2016,2017,4.8L,Petrol,3000,3,136,329,2069,Manual,2,176,399,29.39
Audi,Audi Model 62,2016,2017,4.8L,Petrol,3000,3,136,329,2069,Manual,3,196,434,26.39
Nissan,Nissan Model 14,2013,2013,3.9L,Electric,3000,6,359,875,1165,DSG,0,359,875,8.11
Nissan,Nissan Model 14,2013,2013,3.9L,Electric,3000,6,359,875,1165,DSG,1,379,910,7.68
Nissan,Nissan Model 14,2013,2013,3.9L,Electric,3000,6,359,875,1165,DSG,2,399,945,7.3
Nissan,Nissan Model 14,2013,2013,3.9L,Electric,3000,6,359,875,1165,DSG,3,419,980,6.95
Jaguar,Jaguar Model 124,2007,2011,2.3L,Electric,1200,6,308,558,1962,DSG,0,308,558,15.93
Jaguar,Jaguar Model 124,2007,2011,2.3L,Electric,1200,6,308,558,1962,DSG,1,328,593,14.95
Jaguar,Jaguar Model 124,2007,2011,2.3L,Electric,1200,6,308,558,1962,DSG,2,348,628,14.09
Jaguar,Jaguar Model 124,2007,2011,2.3L,Electric,1200,6,308,558,1962,DSG,3,368,663,13.33
Mercedes,Mercedes Model 139,2007,2008,2.1L,Petrol,1200,6,383,708,1656,Manual,0,383,708,10.81
Mercedes,Mercedes Model 139,2007,2008,2.1L,Petrol,1200,6,383,708,1656,Manual,1,403,743,10.27
Mercedes,Mercedes Model 139,2007,2008,2.1L,Petrol,1200,6,383,708,1656,Manual,2,423,778,9.79
Mercedes,Mercedes Model 139,2007,2008,2.1L,Petrol,1200,6,383,708,1656,Manual,3,443,813,9.35
Mini,Mini Model 130,2014,2016,1.8L,Hybrid,3000,8,347,685,1534,Auto,0,347,685,11.05
Mini,Mini Model 130,2014,2016,1.8L,Hybrid,3000,8,347,685,1534,Auto,1,367,720,10.45
Mini,Mini Model 130,2014,2016,1.8L,Hybrid,3000,8,347,685,1534,Auto,2,387,755,9.91
Mini,Mini Model 130,2014,2016,1.8L,Hybrid,3000,8,347,685,1534,Auto,3,407,790,9.42
Toyota,Toyota Model 124,2019,2024,4.9L,Petrol,1600,6,169,391,1929,Manual,0,169,391,28.54
Toyota,Toyota Model 124,2019,2024,4.9L,Petrol,1600,6,169,391,1929,Manual,1,189,426,25.52
Toyota,Toyota Model 124,2019,2024,4.9L,Petrol,1600,6,169,391,1929,Manual,2,209,461,23.07
Toyota,Toyota Model 124,2019,2024,4.9L,Petrol,1600,6,169,391,1929,Manual,3,229,496,21.06
Vauxhall,Vauxhall Model 49,2012,2017,3.4L,Petrol,1400,6,178,397,1064,DSG,0,178,397,14.94
Vauxhall,Vauxhall Model 49,2012,2017,3.4L,Petrol,1400,6,178,397,1064,DSG,1,198,432,13.43
Vauxhall,Vauxhall Model 49,2012,2017,3.4L,Petrol,1400,6,178,397,1064,DSG,2,218,467,12.2
Vauxhall,Vauxhall Model 49,2012,2017,3.4L,Petrol,1400,6,178,397,1064,DSG,3,238,502,11.18
Audi,Audi Model 191,2013,2013,3.4L,Hybrid,3000,3,160,336,1096,DSG,0,160,336,17.12
Audi,Audi Model 191,2013,2013,3.4L,Hybrid,3000,3,160,336,1096,DSG,1,180,371,15.22
Audi,Audi Model 191,2013,2013,3.4L,Hybrid,3000,3,160,336,1096,DSG,2,200,406,13.7
Audi,Audi Model 191,2013,2013,3.4L,Hybrid,3000,3,160,336,1096,DSG,3,220,441,12.45
Renault,Renault Model 185,2009,2011,1.6L,Petrol,2000,4,438,961,1176,DSG,0,438,961,6.71
Renault,Renault Model 185,2009,2011,1.6L,Petrol,2000,4,438,961,1176,DSG,1,458,996,6.42
Renault,Renault Model 185,2009,2011,1.6L,Petrol,2000,4,438,961,1176,DSG,2,478,1031,6.15
Renault,Renault Model 185,2009,2011,1.6L,Petrol,2000,4,438,961,1176,DSG,3,498,1066,5.9
Land Rover,Land Rover Model 30,2020,2025,4.6L,Electric,2500,3,283,611,2183,Auto,0,283,611,19.28
Land Rover,Land Rover Model 30,2020,2025,4.6L,Electric,2500,3,283,611,2183,Auto,1,303,646,18.01
Land Rover,Land Rover Model 30,2020,2025,4.6L,Electric,2500,3,283,611,2183,Auto,2,323,681,16.9
Land Rover,Land Rover Model 30,2020,2025,4.6L,Electric,2500,3,283,611,2183,Auto,3,343,716,15.91
BMW,BMW Model 96,2021,2026,3.3L,Petrol,1400,8,445,977,1407,DSG,0,445,977,7.9
BMW,BMW Model 96,2021,2026,3.3L,Petrol,1400,8,445,977,1407,DSG,1,465,1012,7.56
BMW,BMW Model 96,2021,2026,3.3L,Petrol,1400,8,445,977,1407,DSG,2,485,1047,7.25
BMW,BMW Model 96,2021,2026,3.3L,Petrol,1400,8,445,977,1407,DSG,3,505,1082,6.97
Jaguar,Jaguar Model 81,2011,2012,1.9L,Hybrid,1200,8,206,375,1368,Manual,0,206,375,16.6
Jaguar,Jaguar Model 81,2011,2012,1.9L,Hybrid,1200,8,206,375,1368,Manual,1,226,410,15.13
Jaguar,Jaguar Model 81,2011,2012,1.9L,Hybrid,1200,8,206,375,1368,Manual,2,246,445,13.9
Jaguar,Jaguar Model 81,2011,2012,1.9L,Hybrid,1200,8,206,375,1368,Manual,3,266,480,12.86
Toyota,Toyota Model 198,2020,2021,2.9L,Petrol,2000,4,264,611,2390,DSG,0,264,611,22.63
Toyota,Toyota Model 198,2020,2021,2.9L,Petrol,2000,4,264,611,2390,DSG,1,284,646,21.04
Toyota,Toyota Model 198,2020,2021,2.9L,Petrol,2000,4,264,611,2390,DSG,2,304,681,19.65
Toyota,Toyota Model 198,2020,2021,2.9L,Petrol,2000,4,264,611,2390,DSG,3,324,716,18.44
Land Rover,Land Rover Model 135,2022,2026,3.2L,Electric,3000,3,342,801,1874,DSG,0,342,801,13.7
Land Rover,Land Rover Model 135,2022,2026,3.2L,Electric,3000,3,342,801,1874,DSG,1,362,836,12.94
Land Rover,Land Rover Model 135,2022,2026,3.2L,Electric,3000,3,342,801,1874,DSG,2,382,871,12.26
Land Rover,Land Rover Model 135,2022,2026,3.2L,Electric,3000,3,342,801,1874,DSG,3,402,906,11.65
Audi,Audi Model 108,2019,2019,2.0L,Petrol,3000,4,113,204,2091,Auto,0,113,204,46.26
Audi,Audi Model 108,2019,2019,2.0L,Petrol,3000,4,113,204,2091,Auto,1,133,239,39.3
Audi,Audi Model 108,2019,2019,2.0L,Petrol,3000,4,113,204,2091,Auto,2,153,274,34.17
Audi,Audi Model 108,2019,2019,2.0L,Petrol,3000,4,113,204,2091,Auto,3,173,309,30.22
Vauxhall,Vauxhall Model 53,2015,2016,3.1L,Diesel,1600,8,91,174,1563,Manual,0,91,174,42.94
Vauxhall,Vauxhall Model 53,2015,2016,3.1L,Diesel,1600,8,91,174,1563,Manual,1,111,209,35.2
Vauxhall,Vauxhall Model 53,2015,2016,3.1L,Diesel,1600,8,91,174,1563,Manual,2,131,244,29.83
Vauxhall,Vauxhall Model 53,2015,2016,3.1L,Diesel,1600,8,91,174,1563,Manual,3,151,279,25.88
Land Rover,Land Rover Model 136,2008,2013,2.9L,Electric,1200,6,396,953,1342,Auto,0,396,953,8.47
Land Rover,Land Rover Model 136,2008,2013,2.9L,Electric,1200,6,396,953,1342,Auto,1,416,988,8.06
Land Rover,Land Rover Model 136,2008,2013,2.9L,Electric,1200,6,396,953,1342,Auto,2,436,1023,7.69
Land Rover,Land Rover Model 136,2008,2013,2.9L,Electric,1200,6,396,953,1342,Auto,3,456,1058,7.36
Land Rover,Land Rover Model 176,2006,2011,2.4L,Hybrid,2000,3,248,580,2095,Manual,0,248,580,21.12
Land Rover,Land Rover Model 176,2006,2011,2.4L,Hybrid,2000,3,248,580,2095,Manual,1,268,615,19.54
Land Rover,Land Rover Model 176,2006,2011,2.4L,Hybrid,2000,3,248,580,2095,Manual,2,288,650,18.19
Land Rover,Land Rover Model 176,2006,2011,2.4L,Hybrid,2000,3,248,580,2095,Manual,3,308,685,17.0
Jaguar,Jaguar Model 94,2008,2008,2.6L,Petrol,3000,6,364,696,2044,DSG,0,364,696,14.04
Jaguar,Jaguar Model 94,2008,2008,2.6L,Petrol,3000,6,364,696,2044,DSG,1,384,731,13.31
Jaguar,Jaguar Model 94,2008,2008,2.6L,Petrol,3000,6,364,696,2044,DSG,2,404,766,12.65
Jaguar,Jaguar Model 94,2008,2008,2.6L,Petrol,3000,6,364,696,2044,DSG,3,424,801,12.05
Toyota,Toyota Model 84,2013,2015,4.0L,Petrol,1200,4,307,680,2431,Manual,0,307,680,19.8
Toyota,Toyota Model 84,2013,2015,4.0L,Petrol,1200,4,307,680,2431,Manual,1,327,715,18.59
Toyota,Toyota Model 84,2013,2015,4.0L,Petrol,1200,4,307,680,2431,Manual,2,347,750,17.51
Toyota,Toyota Model 84,2013,2015,4.0L,Petrol,1200,4,307,680,2431,Manual,3,367,785,16.56
Mini,Mini Model 139,2018,2019,1.1L,Hybrid,2500,6,383,836,1921,Auto,0,383,836,12.54
Mini,Mini Model 139,2018,2019,1.1L,Hybrid,2500,6,383,836,1921,Auto,1,403,871,11.92
Mini,Mini Model 139,2018,2019,1.1L,Hybrid,2500,6,383,836,1921,Auto,2,423,906,11.35
Mini,Mini Model 139,2018,2019,1.1L,Hybrid,2500,6,383,836,1921,Auto,3,443,941,10.84
Vauxhall,Vauxhall Model 16,2009,2014,4.5L,Petrol,1400,4,291,549,1624,DSG,0,291,549,13.95
Vauxhall,Vauxhall Model 16,2009,2014,4.5L,Petrol,1400,4,291,549,1624,DSG,1,311,584,13.05
Vauxhall,Vauxhall Model 16,2009,2014,4.5L,Petrol,1400,4,291,549,1624,DSG,2,331,619,12.27
Vauxhall,Vauxhall Model 16,2009,2014,4.5L,Petrol,1400,4,291,549,1624,DSG,3,351,654,11.57
Land Rover,Land Rover Model 9,2019,2024,1.2L,Electric,1600,6,368,738,1167,Manual,0,368,738,7.93
Land Rover,Land Rover Model 9,2019,2024,1.2L,Electric,1600,6,368,738,1167,Manual,1,388,773,7.52
Land Rover,Land Rover Model 9,2019,2024,1.2L,Electric,1600,6,368,738,1167,Manual,2,408,808,7.15
Land Rover,Land Rover Model 9,2019,2024,1.2L,Electric,1600,6,368,738,1167,Manual,3,428,843,6.82
BMW,BMW Model 45,2020,2021,3.9L,Petrol,1400,4,408,880,1480,Manual,0,408,880,9.07
BMW,BMW Model 45,2020,2021,3.9L,Petrol,1400,4,408,880,1480,Manual,1,428,915,8.64
BMW,BMW Model 45,2020,2021,3.9L,Petrol,1400,4,408,880,1480,Manual,2,448,950,8.26
BMW,BMW Model 45,2020,2021,3.9L,Petrol,1400,4,408,880,1480,Manual,3,468,985,7.91
Mini,Mini Model 189,2012,2014,4.3L,Hybrid,2000,6,160,364,1725,DSG,0,160,364,26.95
Mini,Mini Model 189,2012,2014,4.3L,Hybrid,2000,6,160,364,1725,DSG,1,180,399,23.96
Mini,Mini Model 189,2012,2014,4.3L,Hybrid,2000,6,160,364,1725,DSG,2,200,434,21.56
Mini,Mini Model 189,2012,2014,4.3L,Hybrid,2000,6,160,364,1725,DSG,3,220,469,19.6
Vauxhall,Vauxhall Model 40,2010,2014,4.1L,Hybrid,1400,8,184,346,2012,Auto,0,184,346,27.34
Vauxhall,Vauxhall Model 40,2010,2014,4.1L,Hybrid,1400,8,184,346,2012,Auto,1,204,381,24.66
Vauxhall,Vauxhall Model 40,2010,2014,4.1L,Hybrid,1400,8,184,346,2012,Auto,2,224,416,22.46
Vauxhall,Vauxhall Model 40,2010,2014,4.1L,Hybrid,1400,8,184,346,2012,Auto,3,244,451,20.61
Land Rover,Land Rover Model 133,2006,2009,2.9L,Hybrid,2500,8,83,196,2374,Manual,0,83,196,71.51
Land Rover,Land Rover Model 133,2006,2009,2.9L,Hybrid,2500,8,83,196,2374,Manual,1,103,231,57.62
Land Rover,Land Rover Model 133,2006,2009,2.9L,Hybrid,2500,8,83,196,2374,Manual,2,123,266,48.25
Land Rover,Land Rover Model 133,2006,2009,2.9L,Hybrid,2500,8,83,196,2374,Manual,3,143,301,41.5
Nissan,Nissan Model 42,2008,2009,2.2L,Hybrid,1400,8,230,459,2473,DSG,0,230,459,26.88
Nissan,Nissan Model 42,2008,2009,2.2L,Hybrid,1400,8,230,459,2473,DSG,1,250,494,24.73
Nissan,Nissan Model 42,2008,2009,2.2L,Hybrid,1400,8,230,459,2473,DSG,2,270,529,22.9
Nissan,Nissan Model 42,2008,2009,2.2L,Hybrid,1400,8,230,459,2473,DSG,3,290,564,21.32
Mercedes,Mercedes Model 116,2007,2008,2.9L,Hybrid,1200,6,148,356,1199,Manual,0,148,356,20.25
Mercedes,Mercedes Model 116,2007,2008,2.9L,Hybrid,1200,6,148,356,1199,Manual,1,168,391,17.84
Mercedes,Mercedes Model 116,2007,2008,2.9L,Hybrid,1200,6,148,356,1199,Manual,2,188,426,15.94
Mercedes,Mercedes Model 116,2007,2008,2.9L,Hybrid,1200,6,148,356,1199,Manual,3,208,461,14.41
Mercedes,Mercedes Model 19,2013,2018,1.3L,Hybrid,2200,4,107,252,2082,Auto,0,107,252,48.64
Mercedes,Mercedes Model 19,2013,2018,1.3L,Hybrid,2200,4,107,252,2082,Auto,1,127,287,40.98
Mercedes,Mercedes Model 19,2013,2018,1.3L,Hybrid,2200,4,107,252,2082,Auto,2,147,322,35.41
Mercedes,Mercedes Model 19,2013,2018,1.3L,Hybrid,2200,4,107,252,2082,Auto,3,167,357,31.17
Nissan,Nissan Model 122,2011,2013,2.1L,Diesel,2200,6,204,456,1437,Auto,0,204,456,17.61
Nissan,Nissan Model 122,2011,2013,2.1L,Diesel,2200,6,204,456,1437,Auto,1,224,491,16.04
Nissan,Nissan Model 122,2011,2013,2.1L,Diesel,2200,6,204,456,1437,Auto,2,244,526,14.72
Nissan,Nissan Model 122,2011,2013,2.1L,Diesel,2200,6,204,456,1437,Auto,3,264,561,13.61
Land Rover,Land Rover Model 83,2020,2021,4.6L,Electric,1200,6,134,288,1530,DSG,0,134,288,28.54
Land Rover,Land Rover Model 83,2020,2021,4.6L,Electric,1200,6,134,288,1530,DSG,1,154,323,24.84
Land Rover,Land Rover Model 83,2020,2021,4.6L,Electric,1200,6,134,288,1530,DSG,2,174,358,21.98
Land Rover,Land Rover Model 83,2020,2021,4.6L,Electric,1200,6,134,288,1530,DSG,3,194,393,19.72
